,Label
169,0
593,0
766,0
1264,0
1376,0
1531,0
1548,0
3632,0
5546,0
6112,0
6664,0
10331,0
11253,0
11259,0
11216,0
7369,0
7370,0
7371,0
7982,0
8426,0
8907,0
10767,0
11221,0
2977,0
6053,0
4872,1
4297,0
5085,1
7332,1
7753,1
7456,0
5337,1
2183,0
2204,0
2205,0
9434,0
9436,0
10634,0
9717,0
5578,0
8286,0
2952,0
6733,0
5093,1
7066,1
7693,0
4593,0
9831,0
8715,0
9190,0
4960,0
9351,0
1278,0
7680,1
2471,1
22,1
313,0
745,0
1230,0
1574,0
1768,1
2056,1
2746,0
6192,0
9709,0
7150,1
8082,1
8196,1
5490,1
7400,1
7401,1
6279,1
9203,0
1112,0
3256,0
9699,0
7787,1
7842,1
7928,0
10326,0
11238,0
5703,1
7914,1
7915,0
10280,0
5510,1
6644,1
4723,1
8,0
9,0
286,0
3201,0
3410,0
8794,0
8351,1
8419,1
8966,1
7474,1
3966,1
1069,1
3627,0
3835,0
10544,0
4089,0
5316,1
7527,1
7999,1
6394,0
3375,0
11002,1
9003,1
3959,0
7393,0
6701,0
3529,0
5159,1
3675,0
7160,0
8102,0
3458,0
4468,1
3744,0
4456,0
4903,1
9947,0
11222,0
2562,0
4801,0
2287,0
9385,1
3388,0
2451,1
6946,1
6947,1
6968,1
5073,0
4619,0
9925,1
9138,1
3281,0
2380,0
4733,1
4734,1
9419,0
4795,0
1747,1
5652,0
8139,0
10355,0
6248,0
629,0
8615,0
10044,0
9773,0
11252,1
11258,1
2033,0
9785,1
11124,0
4359,1
5098,0
4848,1
4220,0
7590,1
6044,1
10447,1
3514,0
4687,1
5833,0
7231,1
10766,0
7498,1
7499,1
8708,0
10033,0
4168,0
11100,0
11116,0
9161,1
382,0
2748,0
7323,0
6013,1
6017,1
11097,1
2864,0
8705,0
8713,0
10736,0
9811,0
11231,0
2044,0
2209,0
2210,0
5472,0
7189,0
7047,1
4716,0
9409,1
9410,1
9795,0
6945,1
6967,1
6984,1
2989,0
6640,0
399,1
8818,1
8136,0
8161,0
52,1
1366,0
1489,1
2736,0
2982,1
4138,1
4176,0
8545,0
9467,0
6099,0
2174,1
1842,1
5522,0
1904,0
8473,0
8049,1
6504,0
8279,0
6688,1
11023,0
4610,1
10443,0
6859,1
4035,0
8925,0
10228,0
3991,1
4664,1
4625,0
5714,0
9953,0
9780,0
7516,1
4823,0
168,1
3820,0
3832,0
9993,0
9994,0
9997,0
9061,1
9118,1
9424,0
4517,1
1483,0
8873,0
2267,1
2640,0
10921,0
81,0
293,0
1141,0
2367,0
8698,0
237,0
1717,0
1872,0
3117,0
3229,0
10104,0
7055,1
4270,1
6702,0
10272,0
5284,0
5285,0
2043,0
2758,0
3378,0
7440,1
9397,0
9008,0
8407,0
2194,1
9625,0
4762,0
4414,0
7230,1
2756,1
2788,1
2823,1
5764,0
6232,0
7287,0
7329,1
11122,0
7621,1
6035,0
4261,1
4262,0
5354,1
2588,1
2601,1
10469,1
4644,0
11152,0
11153,1
5874,0
3332,1
10808,0
9779,0
9900,0
10761,1
10018,0
10898,0
7799,0
3081,0
9168,1
4345,1
2933,0
5967,0
9023,0
2637,0
10746,1
2502,0
861,0
1474,0
1601,0
1867,0
2084,0
3272,0
5347,0
10301,1
7451,1
9726,0
10629,1
10587,1
5805,0
9937,1
9938,1
1866,0
4636,1
8842,0
8843,0
7744,1
1688,1
10913,1
9215,0
2087,0
6680,0
7808,1
9986,0
9987,0
9988,0
9989,0
10023,0
5320,1
7201,1
9087,0
4705,1
7444,1
10863,1
2231,1
4881,0
9418,0
3789,0
6137,0
4415,0
3303,0
3915,0
10133,0
3492,1
11198,1
11246,0
3056,0
2362,1
7120,1
4484,1
4893,0
6289,0
5416,0
1333,0
10494,1
3625,1
469,0
5088,0
2202,1
3178,0
5124,1
2580,1
2592,1
2603,1
6630,0
10079,0
10424,0
5186,0
2573,1
1690,1
4949,0
9604,0
2386,0
2498,1
3733,0
2826,0
3278,0
1453,0
3341,0
4,0
4530,1
6686,0
2293,0
2020,0
6738,0
9507,0
8849,1
154,0
6370,0
4249,0
5922,0
8597,0
3897,0
5566,1
10731,0
5659,1
109,0
163,0
435,0
951,0
1085,0
1100,0
1147,0
1255,0
2366,1
3297,0
4128,0
4482,0
4826,0
5191,0
5753,0
5878,0
5889,0
6582,0
7173,0
9697,0
9961,0
10057,0
10201,0
8690,0
7824,1
4875,0
10937,0
10943,0
4218,0
1777,1
2046,0
2678,0
3631,0
4024,0
4160,0
5474,0
5813,0
5969,0
6119,0
6197,0
7133,0
9529,0
10147,0
10364,1
10367,0
10401,0
4158,1
4159,1
10495,0
9582,0
10368,1
9225,1
7067,1
424,0
3986,0
5936,0
7238,0
11150,0
9238,0
8260,1
5869,1
3918,1
2108,0
9178,1
5341,0
1841,0
7406,1
10276,0
4658,0
1393,0
2045,0
3187,0
3069,1
2085,0
5617,0
9555,0
9267,0
7745,1
7746,1
7747,1
7748,1
7749,1
7750,1
7751,1
7752,1
7860,1
10623,1
5821,0
10314,1
2973,0
9944,0
9945,0
4811,0
5121,0
253,0
9568,0
8926,0
3965,0
6264,1
10389,0
4574,1
9868,0
3567,0
8107,0
2160,1
7704,0
5679,1
9858,0
4285,0
1946,0
6072,0
3979,1
6290,0
9036,0
11148,1
3599,0
3808,1
2091,1
2766,1
6015,1
261,0
6529,0
7063,0
6704,0
4534,0
7967,1
10009,0
10803,1
1667,1
1668,1
2336,0
2337,0
2662,0
2663,0
2665,0
2666,0
2668,0
2669,0
3156,0
7359,0
9330,0
10606,0
9136,1
9137,1
10546,0
11185,1
77,1
1645,1
5206,0
9481,0
10765,1
6600,0
1698,0
1699,0
4529,1
8927,1
8349,1
10077,0
10543,0
1664,1
2631,1
1640,0
5155,0
3615,1
3616,1
9354,0
4700,0
5783,0
10414,0
8252,0
5579,1
3575,0
8653,1
1451,0
7449,1
429,0
9245,1
4897,0
5369,0
5770,0
8619,0
6288,1
1182,0
5265,0
5814,1
6265,1
8193,1
2609,0
2828,0
3827,1
9853,0
7311,0
7312,0
3457,0
2771,1
2772,1
6389,0
2008,0
2009,0
4224,0
4227,0
6199,1
10763,0
4327,0
5440,1
6132,0
4647,1
9024,0
4107,1
9126,1
4410,0
3852,1
5165,0
2652,0
4437,0
8988,0
5091,0
6826,0
4490,1
9974,0
6818,0
9684,0
9996,0
4974,1
9447,0
4587,0
2192,1
153,0
2297,0
3311,1
10538,0
4506,0
11175,0
7754,0
1651,0
2726,0
7520,0
5893,0
4793,0
9756,0
7060,1
8583,0
94,0
5729,0
10409,1
2038,0
3260,0
7226,1
10106,0
2363,1
2215,0
7668,1
2541,0
9917,1
9460,1
17,0
100,0
3552,1
7993,1
10198,1
8895,0
282,0
7349,1
8892,1
995,0
2941,0
3634,0
4867,0
5993,0
7796,0
8157,0
8412,0
5469,1
10315,0
5816,1
8427,0
8954,0
10651,0
10442,1
4836,1
136,0
700,0
6006,0
7019,0
7432,1
11123,1
5056,1
5607,0
2191,0
9216,1
6835,0
1358,0
2224,0
9837,0
9028,1
5174,0
6151,0
29,0
3111,0
9428,1
9960,1
1021,0
4902,0
6898,0
7653,0
5096,0
8039,0
8394,0
10206,1
10591,1
1210,0
9150,1
11094,0
4240,1
10245,1
5352,1
1562,0
2014,0
5767,1
7504,0
6356,1
9992,0
1355,0
6241,0
3594,0
3174,0
9832,0
9834,0
3068,0
10306,0
7676,0
7394,0
11132,0
7497,1
5947,0
3693,0
8341,1
5773,0
11169,1
7657,0
3151,1
9306,1
1824,0
8669,1
10061,0
10850,0
5303,0
5189,1
7050,0
7069,1
5326,0
4411,0
10007,0
8975,1
10083,1
11256,0
11263,0
3483,1
4928,1
8015,1
11157,1
5118,0
4134,0
11241,0
7279,0
3165,0
10123,0
9202,0
8065,0
796,0
9648,0
1840,1
2413,1
4105,1
10091,0
4758,1
6511,1
6648,1
7929,1
1764,0
1882,0
2347,0
3359,0
3790,0
7007,0
7028,0
7029,0
11070,0
11073,0
8691,0
11189,1
9200,0
5045,1
5234,1
9169,1
5752,1
6674,1
5438,0
7470,1
317,0
318,0
1130,0
1628,1
2235,1
3620,1
9288,0
3520,1
2241,0
8830,0
10751,0
11120,0
11209,1
6714,0
9002,1
378,0
1854,1
10452,0
4266,0
4772,1
4306,0
9365,0
10204,0
9212,1
8365,0
4844,1
3473,0
3677,0
3678,0
7163,0
7164,0
7989,0
7991,0
7992,0
8104,0
8105,0
8106,0
8210,1
8211,0
8302,1
8432,0
10663,1
10675,0
5068,1
4866,1
82,0
7282,0
10539,0
9158,1
7427,0
7687,1
6894,0
6918,0
6920,0
2312,1
4310,1
2105,1
2107,1
2314,1
7573,1
8990,0
4467,1
4569,1
4353,1
182,0
231,0
269,0
274,0
524,0
552,0
561,1
562,1
753,1
1035,0
1281,0
1289,0
1290,0
1307,0
1434,0
1435,0
3157,0
6554,0
6558,0
7068,0
8487,0
8488,0
8525,0
9473,0
9528,0
9607,0
10262,0
5256,0
5257,0
8739,1
8948,0
7683,1
7277,1
4822,0
3609,1
10168,1
5030,1
6431,1
6489,1
6520,1
7944,1
8234,1
8319,1
8443,1
11197,1
11213,1
4365,1
8802,0
4479,0
5239,0
4846,1
8835,0
10251,0
4332,0
4397,0
10015,0
10263,0
6225,0
5001,0
5675,0
9985,0
2437,1
4730,0
1152,0
7248,1
9167,1
9199,0
8469,1
3809,0
1337,0
5317,1
6133,1
2576,1
9975,0
4918,1
7537,1
8005,1
4855,1
6416,0
9836,0
10896,0
8335,1
6779,0
9239,0
8983,0
7482,0
9323,1
10338,1
3422,0
8942,0
8045,0
10602,0
5258,0
4695,0
7049,1
9220,0
8115,1
3811,1
7568,1
9253,0
9254,0
9342,0
2910,0
7241,0
11111,0
4748,0
9063,1
3182,0
6649,1
2187,1
2196,1
6773,0
6774,0
10171,1
10348,1
11174,0
4708,1
9160,1
9755,0
3833,0
4667,0
1811,1
10686,0
10743,0
6457,0
6136,0
5309,1
5270,0
10346,0
5940,0
3461,0
6277,0
3786,0
10189,0
6064,1
6821,0
6816,1
1167,1
0,0
2990,0
1912,1
4829,0
9318,0
3218,0
6075,1
1893,0
3802,0
4060,0
8833,1
3149,1
3150,1
7373,0
10687,0
4575,1
6605,0
216,0
1593,0
6677,0
6678,0
4808,0
5195,0
9713,1
5432,0
9466,0
1402,1
9751,0
26,0
27,0
2117,0
2118,0
2122,0
3212,0
4578,0
3463,0
9017,1
9018,0
8845,0
7227,1
10246,0
5503,0
7766,0
10150,0
6364,0
5527,1
8054,1
2911,0
4697,1
1661,0
9149,1
3769,0
6233,0
4199,0
9264,1
9395,1
2291,0
3305,0
6085,0
5145,0
5146,0
5147,0
10265,1
4590,0
6115,1
6116,1
10960,0
10963,0
11014,0
11025,0
11035,0
11043,0
2338,0
2671,0
4556,0
5047,1
99,0
4439,0
8356,0
3112,1
23,0
7896,0
10564,0
9095,0
1084,0
1205,0
1547,0
4677,0
5381,0
5932,0
6470,1
7588,0
8221,0
8249,0
9962,0
10126,0
3685,0
7385,0
4911,1
4912,1
4913,1
4914,1
4915,1
6442,1
7528,1
7529,1
7531,1
7532,1
7533,1
7534,1
7877,1
7878,1
7879,1
7961,1
8000,1
8002,1
8245,1
8448,1
10489,1
10654,1
11155,1
11200,1
5026,1
5027,1
6485,1
6517,1
6564,1
7856,1
7940,1
8316,1
8352,1
10487,1
10637,1
10649,1
10679,1
10680,1
9809,0
4499,0
8744,0
4425,0
2472,1
9721,0
480,0
9802,1
9803,1
371,1
6414,0
4313,1
4314,1
6478,0
7841,1
8227,1
8309,0
6526,1
9851,0
5236,1
10891,0
9771,0
11115,0
11119,0
2557,1
2572,1
5330,0
10078,1
5671,1
10772,1
3879,1
9366,0
7587,1
9187,0
2324,0
1417,0
1745,0
1746,0
3349,0
4761,1
8307,0
5561,1
9379,1
5499,0
6016,0
5482,1
5149,0
3650,0
1447,0
1790,0
6455,0
3596,0
4305,0
10990,0
6893,0
9794,0
6372,0
5041,1
6527,1
7959,1
8244,1
8348,1
10293,1
10935,0
10085,0
5835,0
9747,0
1839,0
3785,0
10826,0
8900,1
8931,1
11137,1
10036,0
4799,0
10802,1
10200,1
5426,0
5798,0
4386,0
9082,0
9070,0
3011,1
7423,0
10144,1
2629,1
5280,0
4486,0
9955,0
3622,0
10297,0
2967,1
10787,0
6727,0
10506,0
3658,0
10770,0
5380,0
1672,0
2888,0
8864,0
8401,1
107,1
6376,1
6393,1
9870,0
11139,1
3385,1
69,0
3723,0
6766,0
9392,1
4406,1
3289,0
5605,1
3000,0
7017,0
11128,0
10756,0
9124,0
6656,0
5919,1
6578,0
2081,1
2811,1
2812,1
2915,1
7515,1
9382,1
9871,0
209,1
9032,0
9313,1
6158,0
4373,0
4141,1
9741,1
8995,0
10359,0
6054,0
74,0
341,0
353,0
614,0
1423,0
1520,0
1731,0
2928,0
2929,0
3322,0
4242,0
9243,1
7071,0
2466,1
2493,1
4764,0
5520,1
1301,0
10941,0
146,0
351,0
7760,0
5899,0
10936,0
10942,0
11015,0
11028,0
11029,0
11036,0
11044,0
8741,0
2817,0
9651,0
10519,0
6698,0
4363,0
2406,0
7052,0
4858,0
8911,0
825,0
9181,1
1636,0
305,1
9586,0
6077,0
6607,0
1090,1
8586,1
5232,0
5233,1
3293,0
9966,0
2582,1
2594,1
10851,0
3663,0
1379,0
4480,0
3046,0
9021,0
6419,0
8359,0
3659,0
3660,0
7146,0
7147,0
7628,0
7629,0
8079,0
8080,0
8195,0
9329,0
2710,1
5862,0
5100,0
9849,1
9430,0
850,0
9493,0
3545,1
1630,0
3391,0
6748,0
6750,0
10008,0
10509,0
1734,0
1761,0
1762,0
9104,0
3721,0
5857,1
10153,0
792,0
962,0
3009,0
6271,0
5110,0
8465,1
228,0
3826,0
5439,1
5553,0
7207,1
7375,1
9600,0
5412,1
9091,1
2626,1
4014,0
4015,0
6740,0
6741,0
11135,0
11136,0
7600,0
7976,1
4558,1
5226,1
4676,0
5052,0
6255,1
3136,1
3139,1
8266,0
8267,0
632,0
6268,1
7572,1
9515,0
4094,0
6036,0
11149,0
10795,1
3734,0
1464,1
2486,1
6902,0
4629,1
8878,0
1905,1
2634,1
2635,1
3745,0
5548,0
7211,0
5333,1
9603,0
9047,0
4403,0
2022,0
8334,0
2953,1
9174,1
9133,0
10559,1
4604,1
4341,1
4342,1
6326,0
7217,0
5483,1
6722,1
6123,0
5646,0
5674,0
2890,0
2892,0
2894,0
8884,0
92,0
106,0
246,0
409,0
843,0
955,0
988,0
1034,0
1350,0
1656,0
1892,0
2815,0
2866,0
2867,0
2872,0
2873,0
2874,0
2875,0
2876,0
2878,0
2978,0
2997,0
3004,0
3291,0
3292,0
3414,0
5587,0
5836,0
5952,0
5953,0
6838,0
6868,0
6869,0
6870,0
8072,0
8274,0
8641,0
8642,0
8694,0
8728,0
8729,0
8732,0
8733,0
8734,0
10737,0
10901,0
9005,1
9006,1
6615,1
6373,0
4492,1
7916,0
4127,1
10230,1
3914,0
5077,0
8824,0
10425,1
10865,0
5915,1
8727,0
7758,1
3188,0
8056,1
10930,1
10603,1
7888,1
383,0
4824,1
11081,1
3462,0
10000,0
8422,0
8950,0
3066,0
10281,0
9374,1
201,0
243,0
273,0
275,0
773,0
1231,0
1235,0
1269,0
1286,0
1558,1
6318,0
6849,0
7185,0
10783,0
6743,0
7235,0
303,0
5740,0
6209,0
10460,0
1736,1
7694,1
6175,0
6181,1
9738,0
5263,0
5537,1
4775,0
4688,1
10600,1
9612,0
6897,0
11109,0
5939,0
7457,1
5676,0
8127,0
8507,0
2983,0
5069,0
5945,0
3467,0
7988,1
1883,0
4369,0
4999,0
5733,0
5734,0
1554,0
3207,0
3598,0
5374,0
9867,0
9179,1
828,0
4086,0
4120,0
6040,0
9941,0
10886,0
3740,0
3813,0
3860,0
6386,0
5881,1
6888,0
9861,0
10388,0
10874,0
9122,1
6142,0
3142,1
3143,1
1724,0
3304,0
3308,0
3209,0
3848,0
5863,0
6144,0
11177,1
5929,1
3893,0
4833,0
6407,1
10211,0
4388,0
54,1
7044,1
9020,0
1984,1
4182,1
4183,1
10118,0
9911,0
3767,1
3768,1
6874,1
6875,1
6876,1
6877,1
7948,1
8176,1
10188,1
3571,1
8121,0
9909,1
2074,0
4396,0
7293,0
2112,1
9793,0
4739,0
394,0
3126,0
3211,0
2994,1
7389,1
11108,0
5081,1
4622,1
9921,1
6565,1
6079,0
7510,1
522,0
739,0
922,0
1499,0
4870,1
5377,0
4364,1
7560,1
8929,1
9440,1
8689,0
8788,1
9913,0
8332,0
4987,1
161,0
232,0
302,0
418,0
463,0
636,0
1263,0
1327,0
1414,0
1443,0
1686,1
5403,0
5408,0
6332,0
8159,0
8523,0
8524,0
8625,1
11187,0
95,0
156,0
698,0
772,0
802,0
973,0
1050,0
5423,0
5759,0
5978,0
6324,0
6866,0
8074,0
8700,0
10438,0
10547,0
4582,0
7233,1
7139,1
1145,0
8913,1
4013,0
4066,0
4162,0
1495,1
5090,1
3342,1
10137,1
6506,1
3387,1
5906,1
11229,0
6456,0
3546,0
8716,1
9159,0
1759,0
6352,0
5977,0
6668,0
5885,1
6505,0
9027,1
3817,0
4755,1
1700,1
3277,1
5181,0
2838,0
3844,0
5342,0
5343,0
5618,0
5696,0
5966,0
8527,0
10196,0
10271,0
10354,0
1030,0
5161,1
7818,0
2468,1
6957,1
6958,1
6976,1
6977,1
7918,1
5040,1
6441,1
7875,1
7958,1
8243,1
8329,1
8447,1
7446,1
3534,1
3930,0
6589,0
6590,0
5043,1
6443,1
6572,0
7880,1
7962,1
8330,1
8449,1
8671,1
10379,1
8981,1
4510,0
3757,0
3759,1
3760,0
4100,0
5035,0
6162,0
6537,1
6538,1
6539,0
6568,0
6863,1
6864,1
7864,1
7956,0
8168,1
10528,0
10640,1
11102,1
11103,1
4814,0
376,0
379,0
2706,0
2749,1
2981,0
3566,0
3682,0
8111,0
8219,0
3300,0
9400,0
1691,1
3145,1
3146,1
3148,1
4639,1
4641,1
7513,1
7514,1
4581,0
6066,1
6201,0
10418,0
1364,0
1102,0
6817,0
6632,0
4537,1
2329,0
10596,1
10433,0
4177,0
6401,0
5029,1
6488,1
6519,1
6567,1
7943,1
8318,1
8442,1
10681,1
11196,1
4876,0
10839,0
11067,0
4674,1
8069,0
8305,0
10055,0
426,0
8606,0
6020,0
6775,0
10514,0
10650,0
3314,0
3018,0
9163,1
4807,0
1974,1
7013,1
4003,0
6904,0
2934,0
2971,0
4539,0
5238,0
4744,1
4691,1
1461,0
11243,0
11145,1
2556,1
2564,1
2568,1
2569,1
2570,1
2571,1
2057,0
175,0
4692,0
10822,0
3859,1
4350,0
4792,0
1523,1
6669,1
9787,1
5230,0
5231,1
1743,0
10917,0
4959,0
2520,0
4423,1
10024,0
4113,0
2031,0
3475,0
4945,1
8463,0
2624,0
10149,1
3383,0
10576,0
7314,0
123,1
4472,1
1045,0
10116,0
9247,0
9260,0
10781,0
1992,1
5792,0
1265,0
7210,0
5992,0
5648,0
5649,0
10035,0
10099,0
5513,0
7508,1
5344,0
6761,1
4955,0
7219,1
4460,0
1506,0
11141,0
2328,0
2680,0
5912,0
4589,1
6922,0
5820,1
11066,0
2863,0
4621,1
4036,1
8151,0
8152,0
11063,0
5797,1
5825,0
9339,0
196,0
631,0
1194,0
1501,0
1608,0
2923,0
3394,0
5628,0
5787,0
5788,0
5855,0
6355,0
8585,0
8748,0
8769,0
9500,0
9502,0
9519,0
9967,0
9981,0
9982,0
10117,0
10362,0
10378,0
10534,0
63,0
3873,1
4990,1
1757,1
7466,0
140,0
3577,0
5949,0
7481,0
4209,0
10241,0
5603,0
7350,1
10762,1
3433,0
2849,0
2850,0
4210,0
8956,0
6121,1
7473,0
4737,1
4966,0
6899,0
6546,0
7863,1
7584,1
20,0
746,0
7467,1
9451,1
9452,0
5198,0
8464,0
3,1
5859,0
6673,0
4021,0
4071,0
6745,0
5283,0
4986,0
6065,0
10290,1
10155,1
3124,0
3487,1
11160,1
3834,0
6650,1
6424,0
11188,0
7344,0
7815,0
4045,1
1618,0
7087,0
7229,1
4585,0
4721,0
3672,0
7158,0
8097,0
8202,0
5153,0
5154,0
7298,0
1569,0
3093,0
9308,0
6341,1
5550,1
2980,0
5545,1
2881,0
8636,0
10728,0
9892,1
3404,1
4238,0
10003,0
4873,1
4246,1
7191,0
7290,0
3535,0
4852,0
1226,0
9601,1
8720,1
3792,0
9416,0
1577,0
4608,1
8534,0
8866,0
4538,0
2578,1
2591,1
10892,1
8271,0
11091,1
5694,1
5443,1
3876,0
7443,1
11176,1
3468,0
2689,0
6703,0
10398,1
10428,1
2001,0
11203,1
6731,0
4665,1
10287,1
6080,0
10172,0
6969,1
6985,1
6823,0
6824,0
2430,1
6971,1
2156,1
10699,1
7196,1
7197,0
10818,1
9025,0
1896,0
6025,1
3198,0
9255,0
3989,0
4682,1
9237,1
5598,1
2794,1
2069,1
3264,1
8290,0
3815,0
10042,0
5353,0
3479,1
4917,1
7536,1
8004,1
6365,0
6366,0
5625,1
7415,0
3717,0
7246,1
7619,0
8740,0
329,0
4989,1
5723,0
6429,0
8310,0
8138,0
2133,0
2134,0
4163,0
10115,0
5156,0
4862,0
10502,0
5819,0
6999,0
9889,0
9820,0
3488,0
7575,1
9977,0
3350,0
8300,0
10590,1
4028,0
5965,0
9164,0
7140,1
6462,0
5269,0
7025,1
4624,1
4672,1
7495,1
1817,0
2395,0
2397,0
2653,0
2804,0
2805,0
3284,0
5642,0
2764,1
5896,1
9777,0
8839,1
8472,0
7987,1
8980,1
8936,0
3696,0
11005,1
2431,1
2432,1
2433,1
2457,1
2460,1
2462,1
2463,1
2464,1
2488,1
2489,1
2490,1
2491,1
6955,1
6990,1
9932,0
10807,0
4970,1
1514,1
9375,0
2972,0
8141,0
5509,0
5437,1
72,1
1878,0
3797,0
183,1
9742,0
2965,0
5872,0
4675,0
8582,0
4568,0
4376,0
9759,0
2548,1
2551,1
2552,1
2583,1
2595,1
2597,1
2606,1
5289,0
7638,0
8453,0
9298,0
10809,0
10021,0
4596,1
7300,0
6827,0
6242,1
3061,1
5267,0
4718,1
8047,1
10873,1
2650,1
3763,1
6543,1
2261,1
2262,1
2263,1
2268,1
2270,1
3421,1
1604,0
2543,0
3548,1
4983,1
6001,1
1298,0
1299,0
1829,0
5031,1
6432,1
6490,1
7861,1
7946,1
8320,1
8444,1
8944,1
1713,0
1851,0
3217,1
6038,0
2066,0
4085,0
5979,0
2461,1
6953,1
6989,1
9503,0
5182,1
9862,0
3748,0
5373,0
5956,0
4786,1
7681,0
9420,1
4997,0
9173,0
1703,0
9273,0
2954,1
8075,0
1729,0
1730,0
1903,0
3323,0
3324,0
21,0
1801,0
3396,0
4652,1
5364,1
7395,1
7418,0
8562,0
8624,0
8814,1
8816,1
9581,0
2714,0
2752,0
7416,0
4650,1
9700,0
4429,0
10145,1
8836,0
10299,0
9043,0
7955,1
10488,1
9513,0
1107,0
5034,1
7295,0
9307,1
4514,1
2311,1
8140,0
10666,0
3025,1
9808,1
4339,0
6845,0
10377,0
4075,0
3428,1
8212,1
1760,1
9146,0
8877,0
7774,0
4684,0
9278,1
3288,0
7463,1
3425,1
377,0
10842,0
4523,1
4780,0
10292,0
9406,0
4419,1
4204,0
4654,0
10821,0
10243,0
5299,1
9770,0
10707,0
7599,1
2264,0
9235,1
9284,1
6933,0
9731,0
7208,1
8076,0
8502,0
1214,0
1546,0
7216,0
7396,0
7388,0
11164,0
11245,0
11249,0
7691,1
9890,1
1923,0
3014,0
3447,0
3871,0
10103,0
31,0
32,0
33,0
1621,0
1679,0
1681,0
1711,0
1712,0
1797,0
1838,1
1875,0
1877,0
2124,0
2219,0
3019,0
3123,0
3125,0
3128,0
3597,0
10191,0
9866,0
4678,0
1556,0
1709,0
1714,0
1853,0
3114,1
3118,0
3220,0
10105,0
3067,0
9256,0
110,0
671,0
672,0
673,0
889,0
947,0
1016,0
1183,0
1186,0
1195,0
1325,0
1326,0
1468,0
1505,0
9525,0
5178,1
8547,0
9508,0
10725,0
4416,0
757,0
11214,1
11163,1
11166,1
11248,1
6426,0
8800,0
8801,0
7106,0
4264,0
1855,0
1983,1
2458,1
2485,1
6951,1
8823,0
9009,0
11223,0
2317,0
6358,1
5506,0
9056,0
1687,1
5023,1
6483,1
6515,1
6651,1
6652,1
6653,1
7937,1
10497,1
10636,1
4683,1
1802,0
1852,0
1880,0
1894,0
1942,0
1943,0
1972,0
1973,0
2123,0
2139,0
2140,0
3224,0
3602,0
6574,0
10190,0
10234,0
3603,0
4498,0
4243,0
6153,1
4547,0
3531,0
9204,1
4655,0
9269,1
2275,1
7378,0
6625,1
3441,0
9378,1
9928,1
8699,0
4557,0
5024,1
5025,1
6484,0
6805,1
7938,1
7765,1
4382,1
3649,0
5429,0
8537,0
9242,0
6147,0
3556,1
10283,0
5014,0
5016,0
6790,0
6791,0
6792,0
8308,0
2646,1
2738,1
2740,1
4371,0
4372,0
5111,0
11232,0
4235,1
5732,0
4849,0
9857,0
1596,0
5436,0
6258,0
7022,0
7135,0
8261,0
7054,1
9391,1
4507,0
3795,0
403,0
1638,0
7786,0
5705,0
10586,1
10001,0
295,0
9170,1
2966,1
4586,1
7692,0
5931,0
7351,1
7088,1
3626,0
9033,0
9746,0
6267,0
6353,0
1857,1
10552,0
4274,0
4671,0
3225,0
10932,1
3570,1
7334,0
7335,0
3252,0
4123,0
4926,1
7542,1
8012,1
6252,1
8337,1
8346,0
8361,1
3519,1
8070,0
9565,0
10030,0
10526,1
5784,0
5785,0
5786,0
6301,1
3524,0
8508,0
8363,0
9752,0
10777,0
221,0
6577,0
8651,0
6760,1
10754,0
2005,0
9211,0
9060,1
5655,0
5657,0
1655,1
2540,1
2809,1
3026,1
6026,1
7043,1
8177,1
3568,1
2167,1
2168,1
3152,1
3153,1
10339,0
2506,0
8122,0
6717,1
4828,1
4731,1
10669,1
8415,0
9597,0
6833,0
9633,0
3063,1
9801,0
6708,0
1365,0
2010,0
6858,1
10775,0
11086,0
1250,0
2939,0
2940,0
9344,0
10436,0
6540,1
3926,0
11084,0
5452,1
6215,0
9035,0
5743,1
1396,0
4139,0
420,1
6217,0
9316,0
9103,0
3578,1
1348,0
4099,0
8182,0
7310,0
7833,1
3654,1
7686,1
3376,0
5643,0
6316,0
9401,0
8897,0
5782,0
3555,1
7397,0
1744,1
9154,0
4239,0
4356,1
4357,1
10094,1
9764,0
4090,1
7571,1
3673,0
7980,0
8098,0
8203,0
8204,0
8205,0
8301,0
8425,0
10178,0
10179,0
10661,0
10662,0
5075,0
5051,0
4393,0
7835,1
9896,0
7252,1
8178,1
8179,1
8887,1
10734,1
3331,0
7117,0
3831,0
9423,0
7798,0
7358,0
9422,0
4007,0
7430,1
3031,1
3417,1
5713,0
7374,1
3933,0
4883,1
9840,1
2025,0
9229,0
9230,0
6481,0
6563,0
7935,0
8230,0
8438,0
10476,0
10691,0
7785,0
7360,0
3452,0
4057,0
6730,0
7352,1
2032,0
4300,0
4504,0
8798,0
10319,0
8370,1
10568,0
5107,0
4496,0
401,0
6586,0
8661,0
10755,0
332,0
7567,1
11227,0
11230,0
10309,1
8986,1
7280,0
3712,0
5542,0
6333,0
8113,0
8791,0
9156,1
4254,0
10101,0
10102,0
2333,1
3523,1
7633,0
9294,0
3842,1
5334,0
11179,1
9153,0
5711,0
9783,0
7253,0
6050,0
10212,0
4860,0
10288,0
10959,0
10961,0
11009,0
11010,0
11016,0
11017,0
11031,0
11038,0
11039,0
11161,0
5212,0
10878,0
3020,1
3021,1
7187,0
4543,1
10642,1
9999,0
8827,0
4442,0
5923,0
2565,1
2891,0
4501,0
10647,1
7434,0
9071,0
9309,0
11142,1
164,0
525,0
5972,1
4531,0
2335,0
2658,0
9040,0
8042,1
4976,0
3838,0
4062,0
7145,0
10356,0
8548,0
10286,0
6765,0
7900,0
6157,0
10758,0
8652,1
6905,0
4632,1
8821,0
7405,1
9010,0
4474,0
7679,0
4392,0
235,0
3301,0
6497,0
6846,0
7091,1
9475,0
9542,0
7480,1
11192,0
8634,0
4048,1
9326,0
2012,0
5673,1
7259,1
7775,1
9454,0
5103,0
7604,0
10599,0
1897,0
3994,0
10343,0
1850,0
2061,0
2062,0
6114,0
5464,0
10845,0
3581,1
3582,1
9929,0
5908,0
11212,1
8853,0
5310,1
3940,0
5600,0
249,0
8855,0
4853,1
10798,0
2103,1
306,1
8804,0
5370,1
6320,0
7199,1
8130,0
10561,0
4901,0
4925,0
3530,0
9402,0
6212,0
7082,1
9223,0
7468,1
3040,0
8978,1
5136,1
5138,1
5139,1
5140,1
7859,1
7945,1
10330,1
8037,1
4377,0
4576,0
4956,0
410,0
9816,0
6919,0
7662,1
6623,0
6420,0
10478,0
9371,1
9496,0
2986,0
2987,0
2991,0
8851,0
8416,0
5194,0
6901,0
8306,0
8902,0
10572,0
5806,0
9026,1
4217,0
7319,1
2088,1
5585,1
3655,0
5367,0
10836,0
8536,0
5125,1
5126,1
7873,1
7954,1
5796,0
6862,1
7435,1
2969,0
3108,0
10735,1
9125,0
9887,0
5365,0
9055,0
7313,0
2713,1
7454,1
5062,0
2131,1
2135,1
10363,1
4703,0
14,1
4172,0
5461,0
9781,0
7647,0
10858,0
4820,1
9142,0
10468,0
1932,1
2389,1
7659,0
9188,0
6042,1
2683,0
3302,0
10380,0
8268,0
10685,0
6770,0
6771,0
6117,1
1162,0
6993,0
7014,0
7015,0
7779,0
7780,0
5127,1
11228,0
9205,1
7898,0
3451,1
9244,1
3561,0
9969,0
9703,0
1987,1
8471,0
6459,0
2968,1
7254,1
5250,1
10791,0
7911,0
3335,1
5150,1
7422,1
10895,1
8411,0
10788,1
9435,0
9050,1
8912,0
7404,1
11143,1
1998,0
1200,0
3887,0
8117,0
4603,1
8036,1
8891,1
7713,1
6434,1
2741,0
7194,1
9574,0
8753,0
5640,1
5687,0
10927,1
9732,0
8596,0
4298,0
6726,0
3715,0
5748,0
4252,0
3585,1
3407,0
6205,0
2500,0
2508,0
4211,0
2126,1
8896,0
6639,1
5388,0
8158,0
5398,1
6467,0
6468,0
5536,0
4519,0
4287,1
10988,0
9152,1
4038,0
7802,0
4528,0
4214,0
8403,1
1509,0
10125,0
4898,1
3836,0
8941,0
5032,1
6433,1
6521,1
7947,1
10483,1
10692,1
5215,0
8060,0
4714,0
8258,0
10258,0
10804,0
8662,0
9051,1
8654,1
8946,0
8875,1
8879,1
3666,0
6691,0
3593,0
3511,1
9711,1
5656,0
2278,1
10163,0
4633,1
5248,0
1274,0
3489,0
3670,0
8096,0
10673,0
62,0
3516,0
10764,1
4573,1
6450,1
5282,0
6855,0
8162,0
2404,0
6667,0
4834,0
9758,0
3255,0
3751,1
3942,1
4333,1
3373,0
10160,1
3274,1
4194,0
10430,0
5160,0
3716,1
3938,0
4291,0
4407,0
4693,0
4698,0
5428,0
5831,0
5852,0
6227,0
6331,0
6342,1
6613,0
6618,1
6619,0
6620,1
7096,0
7330,0
7383,0
7816,1
8256,1
9257,0
9346,0
10411,0
10467,0
10573,1
11146,0
4712,1
9132,0
4511,1
7115,1
2004,0
6624,1
10352,0
8943,1
9951,0
1955,1
5300,1
10594,1
865,1
9449,0
9734,1
6784,0
3875,1
9130,0
2718,0
8474,1
5329,1
7078,0
9139,1
9459,0
9227,1
10313,1
7392,1
2716,0
2717,1
2721,0
4713,0
9250,0
7503,1
9016,1
3664,0
3665,0
7166,0
7167,0
7639,0
8086,0
8087,0
8088,0
8213,0
8214,0
9301,0
9335,0
10551,0
11088,0
2649,1
7919,1
5822,0
10893,0
4685,1
7831,0
9813,0
5324,1
1933,1
7615,0
8526,0
5817,0
9478,0
10199,0
10876,0
3137,0
1097,0
2753,0
7417,0
10579,0
11,0
13,0
264,0
477,0
515,0
555,0
559,0
866,0
1343,0
1367,0
1411,0
1571,0
1617,0
2931,0
2932,0
2936,0
3592,0
3753,0
3921,0
3935,0
4056,0
4074,0
4431,0
4432,0
4854,0
5606,0
5653,0
5826,0
5840,0
5962,0
6302,0
6631,0
7053,0
7243,0
7251,0
7797,1
7800,0
7801,0
8120,0
9470,0
9526,0
9637,0
9688,0
10366,0
10437,0
7685,1
3440,0
9038,1
7722,1
7723,1
7724,1
7725,1
7726,1
7727,1
10641,1
7365,1
3337,1
3338,1
10223,1
2093,0
2349,1
2365,1
2743,1
2760,1
2761,1
11068,1
5660,0
9432,0
4555,1
1969,1
1209,0
4236,0
2028,0
2070,1
8278,1
10471,1
5131,1
3080,1
8155,0
10373,0
9842,0
307,0
1206,0
1560,0
2924,0
3683,0
5430,0
6809,0
6810,0
8390,0
10074,0
3133,1
3651,1
7143,1
10426,0
2116,1
9408,0
5573,1
1692,0
9426,0
6259,1
1994,1
2636,0
1394,0
4265,0
4896,1
10769,1
9327,1
4497,1
7308,1
5457,0
8066,1
8067,1
8186,0
8949,0
3205,0
2306,1
4617,1
6884,0
6452,0
10416,1
3695,0
9805,1
9845,1
3781,0
8246,0
8541,0
5137,1
3824,0
10404,1
11178,1
7828,1
5515,1
6122,1
8052,0
129,0
1133,0
1626,0
9551,0
9034,0
8276,0
7817,1
4424,1
6097,0
389,0
1312,1
6787,0
9690,0
10058,0
8659,0
8666,0
8679,0
1683,0
11098,0
7155,0
7156,0
7634,0
7635,0
7636,0
8091,0
8092,0
8093,0
8094,0
8198,0
8199,0
9296,0
10176,0
10548,0
10549,0
977,0
3872,0
1902,0
6405,0
4077,0
4307,0
4355,0
4387,0
4951,0
7579,0
7585,0
10143,1
421,0
851,0
1587,0
2711,0
9749,0
9750,0
9952,0
3521,1
9543,0
7212,1
7232,1
4448,0
9195,0
4551,1
5710,0
1956,1
6118,1
8118,1
6107,0
2285,0
9369,1
8455,1
9303,1
10069,1
1013,0
6282,0
7245,0
8976,1
9358,0
1755,0
1756,1
3353,0
10139,0
4385,1
9458,0
7609,0
6428,0
3347,0
3787,0
10318,0
10955,0
4413,1
9934,1
8295,0
8296,0
4927,1
4929,0
4930,1
4931,1
4932,1
6514,1
7543,1
7544,1
7545,1
7546,1
7547,1
7848,1
7849,1
8013,1
8014,1
8016,1
8017,1
8018,1
10482,1
10705,1
11158,1
11218,1
2276,1
4256,0
9991,0
10218,0
9207,0
5856,0
6629,0
9577,0
9877,0
10028,0
10048,0
3437,0
8856,0
9472,0
10859,0
5637,0
5584,0
10385,0
1950,0
3601,0
7667,0
6245,0
5781,0
9943,0
10520,0
5184,1
10134,0
9524,0
5576,1
6706,1
10920,0
3129,0
5105,1
3761,1
6865,1
4659,1
7885,1
4412,0
8183,0
4438,0
10275,0
9322,1
6323,1
10493,0
1930,0
3954,0
8503,0
9537,0
10051,0
10193,0
892,0
9841,0
9838,1
10019,0
6643,0
9121,0
4463,0
11074,1
3286,0
3172,1
4548,0
3088,0
6737,0
764,0
1623,0
5223,1
5475,1
4546,1
8967,1
4208,0
4704,1
2101,1
2313,1
3214,0
5745,0
10215,0
10410,0
3574,0
8710,0
7475,0
8371,0
8377,0
3379,1
5882,0
3352,0
10417,0
10415,1
1978,0
61,0
133,0
7181,1
10205,0
8997,1
7320,0
9949,0
4343,0
4457,0
8055,0
83,0
4476,1
7884,1
7076,0
1083,0
7494,1
6614,0
8071,0
10877,0
7696,1
10780,1
1588,0
2699,0
3705,0
322,1
227,0
244,0
416,0
959,0
989,0
1010,0
1573,0
5508,0
5811,0
3386,1
3558,1
9166,0
9626,0
6362,0
6091,0
1099,0
4840,0
8743,1
9201,1
7736,1
1409,1
5008,0
9453,0
2821,0
11001,1
5727,0
11208,0
5209,0
5750,0
5751,0
9068,0
3037,0
4765,1
6637,1
5218,1
4536,0
5538,0
8289,0
5479,0
8831,0
2959,0
9723,0
8860,1
4806,0
2574,1
4626,0
4525,1
1219,0
1458,0
408,1
2111,1
7493,1
7098,0
352,1
4354,1
10375,0
292,0
4493,0
10010,0
10614,1
8269,0
10867,1
222,0
6148,0
7121,0
9644,0
2912,1
5849,1
7398,0
10397,0
5092,0
4599,0
439,0
830,0
1381,0
3183,0
8477,0
8478,0
8644,0
8645,0
9518,0
10741,0
6076,0
7081,0
4408,0
6873,1
8175,1
413,0
5559,0
8386,0
5507,1
1207,1
233,1
10466,0
7610,1
5873,0
9627,0
10233,0
4981,0
5148,1
8930,1
10571,1
3094,1
4142,1
5175,0
5897,1
6736,1
3980,0
6363,0
2410,0
2159,1
3226,0
257,0
2639,0
2944,0
9661,0
10109,0
7623,1
7674,1
7897,1
8053,1
9727,1
9320,0
11215,0
3993,0
8783,0
3868,0
1738,1
1739,1
1740,1
5963,0
10131,0
10022,0
7274,1
5180,0
11239,1
9431,0
10996,0
10879,0
8991,0
2286,1
8521,0
8589,0
10713,0
7130,1
9545,0
1663,0
1949,0
3039,0
7464,1
10612,0
4487,0
5117,0
6138,0
7644,0
3481,1
4923,1
7540,1
9108,0
10194,1
6612,0
4690,1
5340,1
121,0
363,0
3159,0
6681,0
6682,0
4402,0
1372,0
3374,0
6216,0
6780,0
7710,1
5771,1
9456,0
1976,1
4745,0
2024,1
7184,0
2426,1
10817,0
2957,1
2577,1
2584,1
2590,1
2598,1
9894,1
9895,1
6163,1
4771,1
3731,0
4595,0
10065,1
7502,0
1399,0
5943,0
11168,1
8379,0
3714,0
7478,0
6847,0
2042,0
3267,0
4340,0
8749,0
4646,1
9652,0
1168,0
5800,0
9800,0
2961,0
2217,0
4422,0
3551,1
6777,0
3086,0
7342,0
10645,1
5304,1
2868,1
4098,0
7688,1
5871,0
5774,0
7407,0
3057,0
3074,0
3076,0
8133,0
10720,0
6755,0
5293,1
5177,0
10420,0
9425,0
4466,1
4288,0
4031,0
5332,1
10779,1
3257,0
9956,0
5319,0
1954,0
2152,1
3167,1
10894,0
4645,0
7425,0
2162,1
4719,0
8566,0
6314,0
4600,1
6068,0
6503,1
4607,0
5669,1
6665,0
7795,0
7784,0
3676,0
7162,0
8103,0
8209,0
10157,0
4366,0
9094,1
5737,1
5738,0
5739,0
5741,0
5742,0
6206,0
6207,0
6208,0
8148,0
10146,0
10461,0
7737,1
10962,1
11013,0
11022,0
11034,0
11042,0
9872,0
9177,0
10989,0
2345,1
9730,1
827,0
2567,1
3990,0
10625,1
3016,0
6382,0
6384,0
1267,0
8738,0
8867,1
9066,1
8043,1
8044,1
3821,0
9829,0
2063,0
9668,0
8786,1
1696,1
10148,0
4541,0
5005,0
10732,1
2208,1
7461,0
6048,0
3485,1
4936,1
7552,1
8022,1
7390,1
2402,1
2403,1
2955,1
9352,0
6439,1
7872,1
7953,1
8242,1
8327,1
8445,1
5106,0
6283,0
2465,1
2492,1
6956,1
6636,0
9549,0
5306,0
6646,1
319,0
320,0
400,0
5108,0
10689,0
3507,0
1599,0
9763,0
11003,1
5707,0
9712,0
9720,0
6718,0
10214,0
3328,0
10113,0
1991,0
6156,0
7263,1
3941,0
8410,1
8676,0
9659,0
4597,0
6236,0
6296,0
7122,0
5170,0
5549,1
8952,0
9450,0
10598,0
4701,0
4900,1
5200,1
4895,1
3166,1
3170,0
3171,0
4709,0
10667,0
5394,1
5524,1
5525,0
4082,0
9854,1
1673,0
9517,0
2233,1
5802,0
4344,0
4459,0
5171,1
7912,1
4972,1
11140,0
969,0
1732,0
2865,1
8953,1
2632,1
80,0
3098,0
4175,0
5838,1
10422,1
10063,1
5801,1
7811,1
5531,1
5053,1
2521,1
7376,0
7714,1
7715,1
7716,1
7717,0
7718,1
7843,1
10619,1
8959,0
6180,0
4282,1
6580,1
3465,0
11211,1
937,0
8343,0
1659,0
2810,0
5920,0
8181,0
11105,0
5935,0
5307,0
3770,0
3771,0
7782,0
2539,0
3033,0
1812,0
8367,1
8372,1
9860,0
9088,1
3384,1
1798,0
1890,1
1891,0
2350,0
2352,0
6830,0
816,1
2075,0
262,0
1652,1
3445,1
5067,1
1410,1
3895,0
7772,0
8565,0
9629,0
1677,0
1874,0
1879,0
2128,1
2129,0
2240,1
3110,0
3190,1
3222,0
3265,0
3796,0
5362,0
5390,1
5392,0
6494,0
6641,1
6642,0
11199,1
9788,0
10066,0
3580,1
9733,0
8040,1
7794,0
9364,0
2781,0
6351,0
4668,1
1662,0
5386,0
10013,0
6409,1
6848,0
10345,1
7039,0
9140,1
10421,1
9923,1
2633,1
5861,0
9446,0
2975,0
5046,0
6841,0
6725,0
7613,1
10643,1
9415,1
2682,0
6710,0
1208,1
9557,0
9176,0
5980,0
6226,1
10521,0
8355,1
6234,0
4321,1
4524,0
5338,0
6954,1
6991,1
260,0
1078,0
4248,0
8863,0
7037,0
1784,1
2820,1
10167,0
6713,1
2334,1
2392,1
2549,1
2589,1
2602,1
9076,1
8909,0
4055,0
6173,0
4623,1
48,1
9599,0
8062,0
1707,1
9405,0
4473,1
6390,0
5157,0
5158,0
4995,0
10084,1
3557,1
6275,1
11171,0
369,0
1602,0
2381,0
2399,0
9522,0
5462,0
5981,0
10207,0
9380,1
3804,1
4827,0
7,0
4002,0
5760,0
5845,0
6831,0
10045,0
10708,0
4197,0
10220,1
9275,0
5957,0
7767,1
3526,1
7637,0
9236,0
5112,0
10266,0
9261,1
3377,1
6944,1
6966,1
8194,1
10195,0
2029,0
5583,1
2712,1
2725,1
5735,0
4521,1
4399,1
1305,0
3089,1
6915,0
10310,0
7485,1
5512,1
6298,1
3563,0
2523,1
2039,0
4272,1
9891,0
5565,0
8132,1
3500,1
10938,0
10944,0
2073,0
8893,0
3219,0
1082,0
7327,1
9037,1
9767,0
4686,1
6299,1
10372,0
10574,0
10431,1
7570,1
9501,0
7887,1
6059,0
8126,1
3434,0
1907,1
3906,1
3907,0
867,1
2303,1
3223,0
5143,1
8149,0
8150,0
5219,0
5220,0
87,0
256,0
1335,0
1718,0
2355,0
2356,0
2357,0
2744,0
3158,0
7338,1
7339,0
8898,0
9572,0
9573,0
8838,0
10140,0
7302,1
6751,1
3392,1
6867,0
5291,1
6049,1
3782,0
1065,1
5514,0
9053,1
3411,1
7299,1
483,0
586,0
763,0
7301,1
1277,0
4244,0
3845,0
3851,0
3573,0
8910,0
10516,0
6728,1
10507,1
2266,1
4991,1
9562,0
5199,0
7625,0
2780,1
10445,1
6261,0
3196,1
8707,0
3718,1
4963,1
9935,0
8968,0
10541,1
3605,0
7218,0
2608,0
2827,0
1937,0
4891,0
6388,1
10771,0
2048,1
268,0
3506,0
4292,0
8796,0
248,0
3283,0
8616,0
10727,0
5445,1
5447,1
5448,1
5451,1
6194,0
7220,0
9930,0
7756,1
6592,0
3946,1
7902,0
8974,1
9064,1
7276,1
8957,0
3470,1
11080,0
7000,0
10554,0
1682,0
1708,0
1924,1
1925,1
2161,1
2163,1
2164,1
2165,1
10335,0
7695,1
5818,0
4200,0
1935,0
2218,0
5097,0
9411,1
374,0
9660,0
4584,1
4975,1
7899,1
6595,0
6274,1
6930,0
6444,1
8331,1
411,1
1934,0
1981,0
2394,0
2396,0
2537,0
5235,1
4943,0
2343,0
5492,0
881,0
8847,0
9679,0
8381,0
7626,1
8682,1
7048,1
155,0
2341,0
4189,0
3971,1
8223,0
3527,0
6882,0
8903,0
2272,1
7445,1
7419,1
9558,0
5604,1
2273,1
2274,1
6379,0
7707,1
10247,0
5900,0
9766,1
852,0
179,0
11113,0
5207,0
5167,1
6800,0
5323,1
7125,0
3071,1
6712,0
10498,0
11106,0
11107,0
8846,0
3805,1
9300,0
4565,0
8608,0
5837,1
5187,1
3141,1
276,0
8812,0
9725,0
5829,1
6507,0
174,0
6675,0
1769,0
1823,0
2072,0
2787,0
2793,0
10141,0
3064,1
4502,0
7074,1
7286,0
835,0
3318,0
4773,0
5113,0
4375,0
10158,1
4864,1
7890,0
10347,1
9291,1
3707,0
5590,0
8870,0
8609,0
1154,0
1279,0
1314,0
1357,0
1391,0
2330,0
5927,0
5420,0
1368,1
7771,0
5015,1
6474,1
6508,1
7922,1
8435,1
2530,1
10250,1
7016,0
3948,0
7719,1
8872,0
4452,1
1266,0
4092,0
4203,0
5116,0
5964,0
5286,0
6399,1
10156,1
6002,1
6164,1
10435,1
10285,0
8573,0
2622,0
4749,1
9106,0
5726,1
4805,0
186,1
5664,0
9898,1
2956,0
2304,1
10631,1
8813,1
4992,0
10300,0
3354,0
5151,0
7645,0
5183,1
8287,0
7337,0
1081,0
3008,0
8063,1
4295,0
4706,0
3793,1
4533,0
4535,0
7209,0
7258,0
1178,0
3943,1
2100,1
10903,0
10907,0
10964,0
10970,0
10972,0
10978,0
11011,0
11012,0
11018,0
11019,0
11020,0
11030,0
11032,0
11033,0
11037,0
11040,0
11041,0
11045,0
11047,0
11053,0
11055,0
4934,1
7549,1
8019,1
9127,0
5264,0
7630,0
5934,0
5072,0
4768,1
10260,0
7249,0
7789,1
7357,1
8901,1
8932,1
4322,0
4847,1
5407,0
8945,1
6214,0
4971,1
855,0
2974,0
9998,0
10183,0
3030,1
8282,0
5518,1
5298,1
5339,1
4618,0
3549,1
6391,0
6448,0
3822,0
9115,1
9116,0
10730,0
4263,0
9715,1
2289,0
11085,0
10759,0
5488,1
6785,0
5311,0
5312,0
10700,1
6732,0
4370,1
2553,1
2587,1
2600,1
10269,0
8358,0
3372,0
3493,1
5054,1
10510,0
5249,0
6330,0
2354,0
2728,0
2733,1
2734,1
2898,1
2902,0
8369,0
9914,0
9498,0
9520,0
4336,1
7402,1
7822,1
5089,0
7677,1
6125,0
6196,0
5493,0
6696,0
1444,0
6752,0
6843,1
10513,1
4124,1
844,0
9822,1
8947,0
88,0
1763,0
6746,0
8073,0
9774,0
6797,0
3643,0
3606,0
3754,0
3755,0
3756,0
6560,0
6856,0
8163,0
8164,0
8272,0
8758,0
10525,0
10648,1
10899,0
8797,0
5421,0
7755,0
10400,1
2376,0
2616,1
9976,0
6030,1
9357,0
7597,0
5193,0
10165,0
2545,1
2693,0
3275,0
9280,0
7671,1
6756,0
5884,1
9013,0
853,0
1316,0
10991,0
633,0
4726,1
9143,0
4680,1
3686,0
9012,0
3436,1
10674,1
3176,0
205,0
1012,0
5843,0
2201,1
5201,0
4044,1
6724,1
9089,0
5288,1
4451,1
3898,0
3285,0
4216,0
6237,0
7920,0
10569,0
10580,0
6583,0
1856,1
5297,1
8224,1
6723,0
9340,1
2050,1
2051,1
5080,0
11112,0
11114,0
4461,1
1962,0
4760,1
3072,1
4011,0
8595,1
10208,0
6413,0
1799,0
2351,0
7757,1
5468,0
10747,0
5498,0
5321,0
10814,1
10815,1
7353,1
7354,1
7355,1
7356,1
7973,1
8417,1
8418,1
8899,1
5017,1
6477,1
6510,1
7840,1
7927,1
8437,1
8064,1
2190,1
9753,0
2125,0
3029,0
3687,0
7093,0
3503,0
4223,0
1054,0
3294,0
5681,0
6581,0
8510,0
8535,0
8610,0
4520,1
2893,0
8883,0
8885,1
8889,1
4491,0
4477,1
7275,0
7336,1
8979,0
4478,0
10581,0
6029,0
7262,0
8368,1
4483,0
10999,1
4323,0
6094,0
553,0
1098,0
5758,1
3055,0
10312,1
6014,0
3450,1
5115,1
4170,0
4859,1
10034,0
7614,1
9743,0
7847,1
7934,1
8229,1
2920,0
2925,0
3455,1
3251,0
3588,0
10128,0
9461,0
5120,1
8362,0
11093,0
6304,1
6796,0
5883,1
7964,1
11130,0
3888,0
8366,0
1785,0
2610,0
2612,0
2829,0
10588,1
4187,0
9065,1
4532,0
8125,0
1138,1
3735,0
6198,0
6654,1
3480,1
4920,1
7538,1
8007,1
1066,0
11117,1
10841,0
10342,0
4508,1
7059,1
6707,0
8222,0
1401,0
3611,0
4232,0
4563,0
6010,0
6011,0
6012,0
7178,0
9646,0
10098,0
9271,1
10800,1
11144,1
2784,1
7316,1
7317,1
7479,1
7518,1
7519,1
3803,0
10253,0
10995,1
5484,1
315,0
4770,1
112,0
1165,0
10119,0
8131,1
8915,1
9361,1
4379,0
6338,0
8578,0
5441,1
8424,0
9014,0
10376,0
8147,0
10914,1
10374,0
7594,1
4022,0
4072,0
7165,0
8085,0
10217,0
11089,0
9295,0
9333,0
5276,0
1627,0
1632,0
1634,0
2723,1
2778,0
7268,0
3200,0
9950,1
5975,1
7255,1
5704,0
9754,0
10012,0
4968,1
3727,1
4835,0
7673,0
9407,0
7345,0
8611,0
8612,0
8613,0
4666,0
7384,0
5526,1
4485,0
5355,0
10357,0
2538,0
5610,1
7034,0
10536,0
5609,1
7035,1
7303,1
6828,0
3766,0
10670,0
10029,0
6033,1
6034,1
6350,0
453,0
9640,0
9786,0
10752,0
7399,0
10043,1
6369,0
5528,0
5577,1
1055,1
5261,0
481,0
75,1
132,1
567,0
755,0
1096,0
1767,1
2040,0
3397,0
3618,0
6195,1
6498,1
7142,0
9480,0
9538,0
10242,0
4962,0
11065,0
5828,0
10295,0
6782,0
6425,0
4759,0
8908,0
8434,0
10474,0
5294,0
6408,0
4335,1
6709,0
5425,0
9844,1
4944,1
3794,0
9550,0
2558,1
3722,0
10408,1
10857,1
4495,1
797,1
6395,1
5918,1
4273,0
1957,0
103,0
9155,1
4689,1
3720,1
4892,1
8340,0
3867,0
6056,0
10448,1
6200,0
5575,0
3001,1
5891,0
5867,1
3213,0
4404,1
4405,1
3970,0
8664,0
9004,1
5221,1
9062,1
4084,0
6159,0
7134,0
9693,0
5109,0
59,0
5222,0
5540,0
5691,1
6111,1
1815,1
5665,1
6734,0
2308,1
6243,0
7380,1
8347,1
10812,0
11173,1
10252,0
6571,1
4034,0
2372,0
6676,0
6679,0
10933,0
10790,0
5532,0
4061,0
5779,0
3997,0
5644,1
5668,0
3413,1
5315,1
8030,1
5601,0
5702,0
6336,0
9421,0
7923,1
4318,0
10031,1
4696,0
7631,0
8452,0
9292,0
9331,0
4887,1
691,0
1515,0
10255,1
9620,0
7487,1
10585,1
2052,1
9347,1
9348,1
3703,1
6598,0
7792,1
10630,1
4383,0
11193,1
6191,0
9403,0
3362,0
8270,0
1361,0
7305,0
1125,0
1150,0
1551,0
5990,0
7433,0
3034,0
5049,1
3579,1
3829,0
3987,1
6190,0
2992,1
3107,0
5762,0
9494,0
9495,0
9728,1
2382,1
2383,1
7469,1
10883,1
6754,1
10166,0
4571,1
9828,0
5168,0
6319,1
10332,0
4059,0
2763,1
4228,1
6479,0
2189,1
6814,1
876,0
6608,0
3747,0
3454,0
7411,0
3819,1
4871,0
7306,0
7307,0
7561,0
8686,0
358,0
8773,0
10439,1
3591,0
6109,0
6110,0
9248,1
10773,1
6037,1
7075,1
5917,1
10522,0
4188,0
4193,1
4857,1
1941,0
5554,0
10464,1
9372,0
4001,0
5552,0
8387,1
9324,0
9744,0
11233,0
9621,0
9110,0
1040,0
1156,0
3355,0
9789,0
7284,1
8450,1
9290,1
1920,0
1921,0
4648,1
7521,1
9045,1
9258,1
5079,0
10086,0
5004,0
3121,0
5216,1
5217,0
4620,0
255,0
5930,0
4269,0
2379,0
37,0
4348,1
10197,1
6799,0
1048,0
8428,0
9000,1
9001,0
4329,1
4591,1
4592,0
414,1
9162,1
5063,0
4611,0
9516,0
3799,0
6530,0
96,0
4155,0
10232,0
6182,0
6293,0
6294,0
4722,1
9879,0
10885,0
6219,1
212,0
2144,1
2221,1
5444,1
9833,0
10434,0
7462,0
10862,0
8451,1
2546,0
5887,1
6220,1
1671,0
9797,1
6160,1
4352,1
4663,1
7085,0
8257,0
9596,0
9598,0
9638,0
10831,0
6058,0
2913,1
2914,1
6486,0
11194,0
2148,0
9031,0
4043,0
10760,0
845,1
3984,0
7256,0
10558,0
10616,0
5010,1
9383,1
10162,1
6297,1
7654,1
3543,1
1362,0
10987,0
2234,1
5570,1
5571,1
10384,1
8291,0
10259,1
1721,1
2824,1
7512,1
8803,0
10112,1
839,1
1139,0
3006,0
3051,0
3583,1
4030,0
4299,0
4444,0
4445,0
5163,0
5567,0
6104,0
7137,0
7261,0
8255,0
8273,0
8281,0
8494,0
8663,0
8693,0
8717,0
8787,0
9564,0
10004,0
10542,0
4417,0
4418,0
220,0
4381,0
6385,0
948,0
1420,0
1476,0
3398,0
3911,0
4140,0
4258,0
8123,0
9821,0
7097,1
7966,1
10617,1
6051,0
7437,1
7458,1
4699,0
4058,0
8725,0
8921,0
10911,1
10969,0
10977,0
11052,0
11059,0
8156,0
10582,0
2476,1
6962,1
6436,1
6524,1
7868,1
8324,1
10683,1
6446,1
8998,1
10127,0
6078,1
8031,1
3783,0
4969,0
4785,0
4312,0
1989,1
3882,0
3885,0
4179,0
4181,0
5480,0
6671,0
8542,0
6451,0
3280,0
2211,1
117,0
350,0
440,0
462,0
958,0
1062,0
1157,0
1338,0
1432,0
1490,0
1807,0
1917,0
2370,0
2400,0
2856,0
2937,0
2938,0
3104,0
3652,0
3945,1
4080,0
4096,0
4233,0
5467,0
5595,0
5722,0
5839,0
6018,0
6627,0
6880,0
7172,0
7711,0
8485,0
8522,0
8754,0
8755,0
8832,0
9486,0
9548,0
9636,0
10122,0
10733,0
10097,1
10053,1
8280,0
9757,0
5144,1
2581,1
2593,1
1863,0
6711,0
8285,0
5396,1
3501,1
8353,1
6,0
18,0
19,1
25,0
43,0
44,0
49,0
66,0
68,0
84,0
89,0
90,0
98,0
102,0
108,0
115,1
134,0
139,0
142,0
143,0
144,0
159,0
162,0
166,0
167,0
170,0
171,0
173,0
176,0
181,1
187,0
188,0
189,0
190,0
195,0
197,0
198,0
202,0
204,0
206,0
207,0
210,0
213,1
218,0
219,0
224,0
226,0
229,0
230,0
238,0
245,0
247,1
254,0
258,0
267,0
270,0
277,0
288,0
290,0
291,0
301,0
308,0
328,0
336,0
339,0
340,0
344,1
355,0
365,0
366,1
368,0
370,0
384,0
387,0
388,0
391,0
397,0
398,0
417,1
425,0
430,0
431,0
432,0
433,0
434,0
436,0
437,0
441,0
444,0
447,0
448,0
450,0
454,0
455,0
471,0
478,0
504,0
506,0
508,0
510,0
512,0
513,0
514,0
518,0
519,0
520,0
528,0
529,0
530,0
531,0
532,0
533,0
534,0
536,0
537,0
538,0
539,0
540,0
541,0
542,0
543,0
544,0
545,0
546,0
547,0
548,0
551,0
556,0
560,0
563,0
564,0
565,0
566,0
568,0
569,0
572,0
573,0
574,0
575,0
576,0
577,0
578,0
579,0
580,0
581,0
582,0
583,0
584,0
585,0
594,0
599,0
600,0
601,0
602,0
603,0
604,0
605,0
606,0
607,0
608,0
609,0
610,0
611,0
612,0
613,0
615,0
616,0
617,0
618,0
619,0
620,0
621,0
622,0
623,0
624,0
625,0
627,0
628,0
635,0
637,0
640,0
641,0
646,0
648,0
649,0
652,0
653,0
654,0
660,0
663,0
664,0
665,0
666,0
667,0
692,0
693,0
695,0
696,0
697,0
734,0
740,0
742,0
743,0
748,0
749,0
750,0
751,0
754,0
756,0
758,0
759,0
760,0
761,0
762,0
765,0
767,0
768,0
769,0
770,0
771,0
774,0
776,0
777,0
779,0
793,0
794,1
798,0
799,0
801,0
804,0
805,0
806,0
815,0
817,0
820,0
821,0
824,0
832,1
834,0
837,0
846,0
847,0
848,0
849,0
856,0
858,0
860,0
870,0
872,0
874,0
875,0
877,0
878,0
880,0
883,0
886,0
887,0
888,1
893,0
894,0
895,0
897,0
898,0
899,0
900,0
905,0
907,0
908,0
909,0
910,0
913,0
914,0
915,0
916,1
923,0
924,0
925,0
926,1
929,0
943,0
944,0
950,0
952,0
953,0
954,0
971,0
976,0
980,0
982,1
983,0
985,0
986,0
987,0
990,0
996,0
997,0
998,0
999,0
1000,0
1001,0
1002,0
1004,0
1006,0
1009,0
1018,0
1023,0
1026,0
1031,0
1032,0
1036,0
1038,0
1051,0
1056,0
1058,0
1060,0
1063,1
1073,0
1080,0
1093,0
1103,0
1117,0
1121,0
1124,0
1131,0
1132,0
1134,0
1135,0
1136,0
1142,0
1144,0
1149,0
1151,0
1153,0
1159,0
1164,0
1166,0
1172,0
1174,0
1176,0
1177,1
1179,0
1185,1
1187,0
1188,0
1191,0
1197,0
1201,0
1213,0
1215,0
1216,0
1220,0
1222,0
1223,0
1227,0
1228,0
1232,0
1234,0
1237,0
1238,0
1240,0
1241,0
1242,0
1243,0
1244,0
1245,0
1247,0
1249,0
1251,0
1254,0
1260,0
1270,0
1272,0
1273,0
1276,0
1283,0
1284,0
1285,0
1288,0
1291,0
1293,0
1294,0
1303,0
1317,0
1319,0
1320,0
1321,0
1323,0
1324,0
1330,0
1336,0
1341,0
1342,0
1352,0
1374,0
1382,0
1390,0
1400,0
1404,0
1405,0
1406,1
1408,0
1421,0
1422,0
1424,0
1426,0
1427,0
1428,0
1429,0
1431,0
1438,0
1440,0
1441,0
1442,0
1446,0
1450,0
1452,0
1454,0
1456,0
1457,0
1465,0
1467,0
1472,0
1478,0
1479,0
1480,0
1482,0
1503,0
1504,1
1508,0
1510,0
1511,0
1512,0
1513,0
1517,0
1519,0
1524,0
1526,0
1533,0
1537,0
1541,0
1542,0
1543,0
1544,0
1553,0
1575,0
1578,0
1580,0
1581,1
1583,0
1584,0
1589,0
1590,1
1594,0
1595,0
1598,0
1605,0
1611,0
1612,1
1615,0
1616,1
1620,0
1622,0
1658,0
1665,0
1726,1
1770,1
1772,1
1773,1
1774,1
1775,1
1776,1
1793,0
1795,0
1834,0
1900,1
1901,1
1918,0
1929,0
1945,0
1965,0
2054,0
2127,0
2143,0
2243,0
2244,0
2247,1
2248,0
2252,1
2257,0
2259,0
2340,0
2358,0
2369,0
2401,0
2409,0
2535,0
2641,0
2645,0
2659,0
2660,0
2667,0
2670,0
2672,0
2673,0
2674,0
2675,0
2676,0
2688,0
2692,0
2704,0
2705,0
2735,0
2745,0
2755,0
2786,0
2790,0
2816,0
2825,0
2833,0
2840,0
2845,0
2861,0
2862,0
2879,0
2886,0
2907,0
2917,0
2918,0
2926,0
2946,0
2951,0
3003,0
3005,0
3024,0
3041,0
3044,0
3053,0
3058,0
3059,0
3060,0
3070,0
3079,1
3100,0
3101,0
3102,0
3103,0
3105,0
3168,0
3179,0
3184,0
3232,0
3243,0
3247,0
3254,0
3290,0
3356,0
3357,0
3366,1
3367,0
3368,0
3393,0
3395,0
3409,0
3584,0
3589,0
3600,0
3641,0
3642,0
3653,0
3689,0
3690,0
3691,0
3700,0
3724,0
3726,0
3738,0
3773,0
3777,0
3801,0
3814,0
3818,1
3830,0
3837,0
3853,0
3854,0
3858,0
3863,0
3864,0
3865,0
3874,0
3891,0
3902,0
3905,0
3929,0
3944,0
3947,0
3949,0
3956,0
3962,0
3964,0
3999,0
4041,0
4042,0
4049,0
4053,0
4054,0
4076,0
4078,0
4079,0
4093,0
4101,0
4111,0
4112,0
4119,0
4121,0
4129,0
4130,0
4143,0
4152,0
4165,0
4174,0
4296,0
4303,0
4304,0
4317,0
4421,0
4443,0
4447,0
4588,0
4630,0
4653,0
4757,0
4781,0
4782,0
4783,0
4809,0
4880,0
4885,0
4889,0
4980,0
4982,0
5070,0
5360,0
5361,0
5371,0
5372,0
5389,0
5433,0
5442,1
5500,0
5539,0
5544,0
5551,0
5588,1
5591,0
5596,1
5620,1
5621,1
5622,0
5624,1
5636,0
5651,0
5677,0
5678,0
5683,0
5686,0
5697,0
5698,0
5699,0
5709,0
5720,0
5721,1
5725,0
5755,0
5761,0
5768,0
5769,0
5772,0
5812,0
5834,0
5850,0
5968,0
5971,0
5973,0
5974,0
5983,0
5984,0
5985,0
5986,0
5999,0
6003,0
6005,0
6088,0
6129,0
6170,0
6171,0
6187,0
6188,0
6189,0
6193,0
6203,0
6235,0
6240,0
6246,0
6249,0
6260,0
6310,0
6315,0
6337,0
6449,0
6460,0
6461,0
6500,0
6551,0
6552,0
6556,0
6557,0
6591,0
6597,0
6599,0
6626,0
6655,0
6657,0
6842,0
6850,0
6851,0
6852,0
6854,0
6887,0
6929,0
6934,0
6992,0
7009,0
7020,0
7023,0
7027,0
7030,0
7031,0
7032,0
7094,0
7119,0
7126,0
7127,0
7179,0
7192,0
7202,0
7214,0
7221,0
7236,0
7239,1
7289,0
7291,0
7322,0
7333,0
7413,0
7506,0
7509,0
7574,0
7602,0
7603,0
7612,0
7646,0
7660,0
7661,0
7678,0
7886,0
8041,1
8058,0
8059,0
8112,0
8124,1
8128,0
8129,0
8134,0
8184,0
8188,0
8189,0
8192,0
8375,0
8376,1
8382,0
8389,1
8475,0
8479,0
8480,0
8481,0
8482,0
8483,0
8486,0
8489,0
8490,0
8491,0
8501,0
8505,0
8517,0
8518,0
8519,0
8520,0
8539,0
8543,0
8544,0
8549,0
8550,0
8551,0
8552,0
8553,0
8555,0
8561,0
8563,0
8567,0
8591,0
8618,0
8620,0
8623,0
8628,0
8630,0
8631,0
8638,0
8639,0
8656,0
8660,0
8668,0
8675,0
8680,0
8681,0
8756,0
8757,0
8765,0
8775,0
8790,0
8792,0
9113,0
9210,0
9228,0
9469,0
9471,0
9479,0
9484,0
9490,0
9534,0
9539,0
9540,0
9541,0
9571,0
9590,0
9592,0
9593,0
9645,0
9649,0
9664,0
9666,0
9670,0
9675,0
9676,0
9677,0
9683,0
9686,0
9687,0
9691,0
9694,0
9695,0
9884,0
10059,0
10088,1
10121,1
10142,0
10173,0
10202,0
10224,0
10226,0
10227,0
10278,0
10393,1
10406,0
10457,0
10524,0
10555,0
10560,0
10577,0
10696,0
10711,0
10716,0
10724,0
10729,0
10820,0
10834,0
10847,0
10852,0
10854,0
10902,0
11071,0
11126,0
11138,0
8969,0
3348,1
10138,1
4988,0
3572,1
3668,0
7154,0
10676,0
11007,1
5368,0
6177,0
6178,0
7472,0
9129,1
7541,1
4426,1
6396,0
1633,1
10358,1
4542,0
2958,0
3951,1
10052,0
6412,0
5358,0
5473,0
9078,0
7107,1
4278,1
1597,0
2701,1
2702,1
2703,0
2727,0
2729,1
2730,1
2731,1
2732,0
2895,1
2896,1
2897,1
5383,0
8886,1
8888,0
10632,1
2137,0
5415,1
2996,0
4669,1
8576,0
7505,1
10866,0
4277,0
1552,0
3725,1
4503,1
6052,0
2832,1
4544,1
7387,1
5886,1
8782,1
9784,0
7763,1
4583,0
3078,0
1111,0
6545,1
8174,1
9806,1
5142,1
5176,0
3612,0
9617,0
10349,0
4948,0
7665,1
446,0
1845,1
5877,0
9827,0
10344,0
6463,0
10796,0
1814,1
1982,0
10855,0
8999,0
2332,1
3131,1
3132,1
8658,1
3062,1
3544,1
4427,1
4319,0
4953,1
3495,0
7362,1
8454,1
9302,1
9337,1
7708,1
7730,1
4560,0
1487,0
9462,0
9112,0
6914,0
8688,0
9782,0
10620,1
2459,1
2487,1
6950,1
6952,1
6970,1
6988,1
347,0
1684,0
1803,0
1939,0
1958,0
1959,0
1960,0
1961,0
1963,0
1964,0
2141,0
2623,0
2638,0
3236,0
3237,1
3238,0
3239,0
3240,0
3241,0
3995,0
7116,0
10120,0
2173,1
2175,1
2176,1
2177,1
4777,0
9850,0
8826,0
4191,1
4594,0
6721,0
8935,0
9208,1
8574,1
10479,0
7129,0
3130,1
8970,0
7777,1
5958,0
6495,0
526,0
1609,1
4998,0
5685,0
7768,0
6783,0
4279,1
9814,0
3901,1
8650,0
138,0
1491,0
1993,0
7195,1
5057,1
1331,0
7891,1
4276,0
10092,0
324,0
2533,0
3155,0
4518,0
5086,0
6906,0
131,0
8570,1
5523,0
4702,1
3869,0
3674,0
7643,1
8099,0
8100,0
8101,0
8207,0
10550,0
10609,0
4260,0
8344,0
8048,0
5789,0
5790,0
5405,1
2434,1
2435,1
2467,1
6973,1
6974,1
6975,1
3459,0
9221,1
9222,1
10799,1
4886,0
6573,0
10154,0
8844,0
3115,0
438,0
7606,1
7892,1
10187,1
4958,1
9718,0
2150,1
2527,1
6997,1
263,0
859,0
1072,0
1203,0
3202,0
7271,0
1704,1
6427,0
10499,0
10965,0
10973,0
10979,0
11046,0
11054,0
6896,0
6960,1
9875,1
11021,0
9474,0
9499,0
5564,0
5074,0
4302,0
6229,1
6230,1
6295,0
4103,0
7728,1
2260,1
7690,1
9368,1
1353,0
1116,0
9476,0
9791,1
10327,1
6705,1
7224,1
2513,0
2515,1
8339,1
6685,1
5613,0
6926,0
6684,0
7957,1
10693,0
8905,0
11133,0
3431,0
11008,1
122,1
10014,0
9206,0
10095,0
5574,0
10391,1
8414,0
4935,1
4937,1
4938,1
4939,1
4940,1
4941,1
5028,1
6487,1
6518,1
6566,1
7550,1
7551,1
7553,1
7554,1
7555,1
7556,1
7557,1
7558,1
7857,1
7858,1
7941,1
7942,1
8020,1
8021,1
8023,1
8024,1
8025,1
8026,1
8233,1
8317,1
10317,1
10638,1
10656,1
10701,1
11159,1
11195,1
2871,0
3923,0
8571,0
1625,0
6683,0
8737,1
2773,1
516,1
3326,1
7968,1
4736,1
2407,1
10881,1
2848,0
7292,1
3736,0
7640,0
4453,0
2277,1
9175,1
10750,0
10608,0
9145,0
364,0
1805,0
1822,0
1895,0
2368,0
2905,0
2943,0
2984,0
3203,0
3648,0
3791,0
5641,0
6663,0
9488,0
9881,0
9978,0
4818,1
10011,0
4715,0
4553,0
3903,0
6024,0
10888,0
7972,1
5345,0
5087,1
5424,0
8678,0
505,0
3550,1
4358,1
1559,1
3732,0
6213,1
5037,1
7867,1
7950,1
8237,1
8323,1
10491,1
6154,0
6155,1
7132,1
8697,0
6312,0
10832,0
6167,1
10458,0
6183,0
7608,1
10325,0
9039,1
5,1
15,0
104,0
194,0
360,0
427,0
457,1
474,0
476,0
595,0
634,1
735,0
940,0
1053,0
1146,1
1229,0
1313,0
1493,0
1591,0
3244,0
3772,0
3967,0
4114,0
4293,0
9530,0
9563,0
9576,0
9692,0
1122,0
3702,0
6345,0
9653,0
7990,1
8431,1
9907,1
9908,1
6374,1
4882,0
8587,0
6273,0
5268,0
9457,0
7110,1
7111,0
7112,1
9566,0
3432,0
11101,0
9439,0
7036,0
11095,1
10302,1
7455,0
8429,0
9019,0
1999,0
2000,0
9958,0
6776,0
8333,0
4567,0
9798,0
7675,1
4628,1
2185,0
5827,1
9281,0
3163,0
7607,0
7672,1
2657,0
4255,0
9404,0
9463,1
9464,1
334,0
9905,1
4374,0
1783,1
2614,1
2618,1
2620,1
2819,1
2831,1
6825,0
8476,0
9527,0
9147,1
10792,1
9338,0
10723,0
5318,1
6917,0
10529,0
5730,1
6445,0
2060,0
2067,0
3269,0
3788,0
8057,1
4839,0
4813,0
9387,1
10268,0
4549,0
5411,1
8706,0
7720,1
509,0
9589,0
10721,0
10789,0
2792,0
9111,0
4566,0
6047,0
3017,1
5048,1
5487,1
4512,1
7917,1
3992,1
10151,1
9719,1
3358,1
3998,0
9414,0
8373,1
6204,1
1570,0
3010,0
9046,0
8971,0
4360,0
4978,0
7149,0
8081,0
6829,0
2949,0
2018,0
7977,0
7978,0
8421,0
8906,0
8934,0
5141,1
4125,1
4126,1
10229,1
9927,1
2950,0
8815,1
5615,0
10797,0
4091,0
5658,1
1697,0
2496,0
2644,0
2798,1
3587,0
4334,1
4800,0
6269,1
7326,1
7702,1
7703,1
8135,1
4033,1
7141,0
7810,0
11121,1
10811,1
2715,0
2719,0
9058,0
2041,0
5188,1
4395,0
2232,1
1398,0
7100,0
7222,0
7225,0
7682,0
10381,0
4516,1
3134,1
3138,1
4052,0
9067,1
5995,0
10294,1
4280,0
2586,1
9575,0
2378,1
58,1
5322,0
6522,0
8384,0
9049,0
3613,0
3614,0
11210,1
7341,1
3541,0
5058,0
7288,1
10371,1
7642,1
8457,1
9305,1
9029,0
9807,1
6165,0
826,0
1094,0
6661,1
10017,0
4952,0
8304,0
8961,0
4330,1
7285,1
4268,0
9762,0
266,1
10956,1
9970,0
10341,1
5237,1
1576,1
1742,0
2214,0
3344,0
3345,0
3346,0
10624,1
5038,0
6437,0
6492,0
8325,0
2767,1
6276,1
1126,0
6061,1
3365,1
5418,0
10668,0
10786,0
7583,0
8825,0
5356,1
9903,1
9631,0
5519,0
9835,0
1751,1
1752,1
3508,0
3509,0
8225,0
6179,0
3512,0
8456,1
11172,1
9093,0
6834,0
9105,1
7095,0
3610,1
4231,0
11083,1
6090,0
9790,1
10875,1
7620,0
6101,1
6344,0
7689,1
9639,0
6647,1
445,0
5378,1
10500,0
5860,0
6070,0
2280,1
2808,1
9262,0
3444,0
7157,0
8095,0
8200,0
10177,0
5328,0
9874,0
4190,1
6057,0
5228,0
4657,0
9916,1
3816,1
736,0
8685,0
5271,0
5272,0
5242,0
3330,0
9587,0
9772,1
7244,0
8718,1
10054,0
4180,0
3282,0
3084,1
6579,0
10931,1
5914,1
6281,1
3466,0
1979,1
2777,1
10753,0
927,0
7906,0
8861,0
10984,0
7913,1
10277,0
10432,1
8817,0
3762,0
3764,1
3765,1
5018,1
6544,1
6871,1
6872,1
8170,1
8171,1
8172,1
8173,1
11104,1
11217,1
4725,1
10515,0
7476,0
8034,1
4842,1
5119,0
11096,0
9940,0
9355,1
9356,0
8602,0
5611,1
2216,0
4151,0
7517,1
9377,0
9388,1
1091,1
10333,0
4616,0
4869,0
5246,0
147,0
5281,0
4961,0
9553,0
4832,1
4747,0
11181,1
225,0
2227,1
5453,1
5557,1
3497,1
6084,1
8350,1
2559,1
2561,1
4338,1
4088,0
3976,0
5794,0
3704,0
9920,0
9614,0
5245,0
5535,0
3952,1
3405,1
7089,0
10062,0
1087,1
1449,1
2625,0
7042,1
8917,1
2904,0
10805,0
5803,1
1952,0
9678,0
4740,0
5757,0
9580,0
2889,0
5255,1
1356,1
6106,0
6585,0
9602,0
2102,0
5406,1
3752,1
5594,1
327,0
7825,0
2411,1
5898,1
10578,1
5313,0
10998,0
7152,0
7975,0
8084,0
8996,1
1257,0
10244,0
9359,0
3699,0
3928,0
6886,0
4017,0
4068,0
6742,0
6307,0
723,0
994,0
2417,1
2475,1
7970,1
10396,0
470,0
7278,0
10237,0
3743,0
4133,1
3515,1
8461,0
6621,1
11262,0
2422,1
2444,1
7889,1
9707,0
975,0
8857,0
4841,1
2739,1
9588,0
6670,0
7296,1
7297,1
655,0
10688,0
7764,0
10626,0
4884,1
5397,1
7403,0
124,0
8829,0
9131,0
4441,0
6102,0
6103,0
8068,0
10451,0
2155,1
2157,1
2158,1
2180,1
2181,1
2182,1
6392,0
7471,1
7895,1
5021,1
6480,1
6513,1
7846,1
7933,1
8311,1
8458,1
5243,0
4564,0
8778,0
6935,0
7171,0
2628,1
7038,0
8649,0
3073,0
9240,0
9241,0
896,0
5892,0
7175,0
8789,0
3504,1
4791,0
3628,1
10274,0
9918,1
10918,1
7596,0
3415,1
6360,1
6021,1
7490,1
4131,0
5870,0
3741,0
10806,0
9904,1
4819,1
3403,1
1120,0
3310,1
10184,0
10601,0
1043,0
8670,1
7491,1
3850,0
5865,0
6146,0
3969,1
4201,0
4850,1
6883,1
6328,0
6329,0
10340,0
367,0
3313,0
6093,1
192,0
10784,0
7429,1
7511,1
9554,0
6633,1
10222,1
5941,1
6043,0
4863,1
7904,0
8593,0
2993,0
3494,0
5350,0
4018,0
4069,0
6124,1
10958,0
11226,0
8406,0
789,0
5393,0
343,0
1161,0
1728,0
4253,0
7823,0
4717,1
9623,0
6532,1
1109,0
3364,1
9367,1
5902,1
5903,1
5905,1
300,0
6690,1
6176,0
10690,1
2554,1
5832,0
8262,0
8938,0
10953,0
6286,1
6309,0
10604,1
6645,1
7865,1
7949,1
10484,0
4464,0
4631,0
4192,1
3464,0
8288,1
3536,0
8859,1
9954,0
482,0
10256,1
2092,1
6430,1
6482,1
7850,1
7936,1
8312,1
8439,1
10678,1
9399,0
11235,0
422,0
6666,0
9455,0
1715,0
8841,1
1641,1
3106,0
3729,0
10595,1
10749,0
8848,0
10505,0
8238,1
8239,1
10702,0
7486,1
6045,1
5712,0
6055,0
10456,0
6184,0
9317,1
11207,1
1455,0
11087,0
12,0
571,0
800,0
967,0
979,0
1113,0
1302,1
3775,0
5190,0
5700,0
7790,0
9487,0
9667,0
2166,1
4320,0
6762,1
6763,1
7974,1
8923,0
57,1
1702,0
4331,1
6778,0
9057,0
2427,1
2440,1
2453,1
2454,1
2455,1
2477,1
2483,1
2484,1
2642,1
2795,1
6936,1
6948,1
6949,1
6963,1
6978,1
6979,1
7123,1
10532,1
7315,0
1926,1
7190,1
813,0
4390,0
1953,0
6096,0
9654,0
4505,0
9739,0
1536,0
2754,0
9417,0
6806,0
137,0
2783,0
7113,0
9823,0
9843,0
7294,0
2310,0
10829,0
1826,0
8868,0
9109,0
6924,0
4817,0
7705,1
3968,0
9531,0
3525,0
8180,1
829,0
10618,0
4301,1
2694,0
2960,0
4728,1
2822,1
6272,0
8973,0
3185,0
56,0
70,0
211,0
287,0
310,0
348,0
415,0
630,0
701,0
702,0
838,0
868,0
933,0
964,0
984,0
1003,1
1011,0
1104,0
1613,0
1720,1
3296,0
3361,0
3636,0
3706,0
3774,0
3861,0
3920,0
3934,0
4032,0
4316,0
4326,0
4380,0
5205,0
5410,0
5485,0
5623,0
5695,0
5795,0
5809,0
6067,0
6108,0
6547,0
6559,0
6576,0
6617,0
6662,0
6879,0
7021,0
7136,0
8408,0
8564,0
8784,1
8822,1
9444,0
9477,0
9491,0
9560,0
9641,0
9642,0
9698,0
10046,0
10047,0
10383,0
10386,1
10450,0
10490,0
10744,0
10848,0
9231,0
1027,0
3565,0
8206,0
2265,1
9171,0
9172,0
7507,1
7700,1
10621,1
9086,0
5853,1
2136,1
2534,1
5533,0
5582,0
6801,0
7447,0
9285,0
3208,0
5563,1
5599,1
3442,0
8603,0
10628,1
8119,1
3518,0
4095,1
869,0
1837,0
4010,0
4065,0
10076,0
4489,0
3917,0
3263,0
2089,0
3195,0
6687,0
9852,0
50,0
1079,0
2282,0
2283,0
2288,0
2290,0
2292,0
2294,0
2295,0
2296,0
2298,0
2299,0
2301,0
2302,0
2869,0
2870,0
3401,0
3742,0
3910,0
3912,0
3922,0
3925,0
4148,0
5456,0
5608,1
5736,0
6588,0
6616,0
8736,0
8811,0
9665,0
9671,0
9674,0
9965,0
10049,0
10213,0
10739,0
10849,0
5744,0
3381,1
8433,0
6528,0
4046,1
4039,0
2579,1
4500,0
9191,0
5808,1
9386,0
7061,0
5530,0
6244,0
5196,0
8721,0
5938,0
1028,0
7206,1
1899,0
349,0
1733,0
1819,0
3043,0
3327,0
3883,0
3900,0
4161,0
7001,0
9497,0
9650,0
9968,0
10710,0
10828,0
597,0
1061,0
1606,0
1909,0
2853,0
8514,0
8516,0
10715,0
8637,0
8747,0
9736,0
4756,0
7684,0
4638,1
9044,1
10837,0
1448,0
9272,1
165,0
8594,0
251,0
5844,0
9775,0
9714,1
645,0
5296,1
9658,1
1980,1
5413,0
2019,0
10934,0
5716,0
3315,0
4662,1
9321,1
4458,0
8918,0
1425,0
3258,0
9183,0
991,0
5682,0
4967,1
3978,0
4865,1
4275,1
8951,1
5376,0
10665,0
8584,0
10830,0
3478,1
4916,1
7535,1
8003,1
6397,1
9092,1
1810,0
2387,1
2388,0
2497,0
2647,0
2648,0
2651,0
2799,0
3435,0
10296,0
6174,1
9864,0
24,0
1315,0
6939,1
9074,1
10307,0
9705,1
3533,0
7776,1
8958,0
11255,1
11261,1
6764,0
9085,0
5465,0
10657,0
2999,0
2408,0
5385,0
3870,0
9505,0
10957,0
6257,0
9090,0
2130,0
3988,0
8759,0
9936,0
10757,0
3273,0
6262,1
3228,0
1635,0
2416,0
2836,0
8512,0
8702,0
8703,0
8396,1
2327,0
5907,0
5909,0
5910,0
5913,0
5197,0
1940,0
4178,0
8987,1
4554,1
4284,0
6811,0
6812,0
6813,0
9855,0
9856,0
5895,1
1791,1
2536,0
7033,0
9180,1
299,0
5179,0
8409,0
10511,1
3528,0
419,0
8745,0
2630,1
2945,0
9673,0
9030,1
11110,0
11118,1
7564,1
5804,1
8263,0
1868,1
7812,1
3309,0
5203,0
9101,0
7586,1
4746,1
4428,0
10370,0
9015,1
6772,0
9360,1
4025,0
10060,1
2373,1
4660,0
9846,1
9817,0
7832,0
1800,0
2094,0
2353,0
2970,0
2995,0
5754,1
11069,1
11079,1
5944,0
10929,0
8674,0
3843,1
4000,1
5395,1
7807,0
5055,1
5858,0
4283,0
5295,1
10782,0
2271,1
2326,0
5336,0
10093,1
8807,0
5680,0
5815,0
8114,0
7257,1
10610,0
6932,1
1525,0
1723,0
2047,0
3262,0
4979,0
8672,1
9559,0
9504,0
2064,1
4115,0
4778,1
1705,1
10248,1
7343,1
6891,0
5494,0
7605,0
9059,1
7109,0
7598,0
8492,0
10712,0
8871,0
8928,1
4150,0
7862,1
3637,0
7304,0
3369,0
2342,0
3049,0
9704,0
10135,0
119,0
2037,0
3270,0
4977,0
8581,0
11129,0
5099,0
2246,1
6263,1
2885,0
1782,1
2818,1
1975,0
2212,0
4169,0
3624,0
9618,0
5690,0
7488,1
5529,0
4207,0
1110,0
10267,0
3307,0
4173,0
1300,0
141,0
354,0
359,0
406,0
527,0
549,0
550,0
557,0
558,0
790,0
1114,0
1115,0
1268,0
1318,0
1329,1
1407,0
1473,0
1484,0
1545,0
1549,0
1646,1
2661,0
2782,0
3295,0
3633,0
4081,0
4104,0
4144,0
5854,0
7118,0
7783,0
8404,0
8657,0
8665,0
8761,1
8762,1
8763,1
8793,0
9570,0
9635,0
9655,0
9663,0
9701,0
9948,0
9964,0
10219,0
10567,0
8420,1
10947,0
10948,0
523,0
639,0
4894,0
5419,0
6343,0
8805,0
3382,1
10427,1
2724,1
10152,0
1936,0
3035,0
4494,0
5961,1
6086,0
8253,0
8254,0
10308,0
10853,0
1332,0
1585,0
10100,0
4577,1
4579,0
9396,0
4401,1
5351,1
6375,0
9194,0
1809,1
7200,0
9878,1
8687,0
3692,0
9760,0
4754,0
1836,1
1843,1
1846,1
1859,1
1860,1
1861,1
1990,1
6327,0
7804,0
854,0
6305,1
7321,1
8972,0
6000,1
966,1
3469,0
5684,1
7281,0
6909,0
6928,0
4804,1
10304,1
10884,1
2899,0
2082,0
2759,1
9299,0
9334,0
8604,1
9611,0
8336,0
6689,0
4973,0
7979,1
9901,0
3032,1
8284,0
4351,1
10717,1
5172,0
5670,1
9716,1
7420,1
4205,0
9196,0
6346,0
6347,0
9007,1
3140,1
6087,0
4509,0
6793,0
7965,1
2560,1
4008,0
7617,0
2418,1
2439,1
2086,0
8633,0
8635,0
2504,0
2511,0
9689,0
6921,0
2757,1
4984,0
7648,0
4118,1
8169,1
10056,0
8398,0
8342,0
4450,1
3758,1
6536,1
10527,1
9995,0
7569,0
10508,0
2169,1
2170,1
2171,1
2172,1
6082,0
4679,1
3045,1
7204,0
7099,0
5586,0
6911,1
3904,0
7738,1
7739,1
7740,1
7741,1
7853,1
4488,0
4681,1
7618,1
4186,0
2947,0
5399,1
7582,1
10819,1
6422,0
4006,1
4023,0
3569,1
1670,0
10738,0
6410,0
9483,0
6878,0
3656,0
4471,0
5724,0
7325,0
1830,0
2090,0
1862,0
3542,0
91,0
7820,0
6073,1
7426,0
7829,0
3082,0
9148,1
4132,0
3438,0
9141,0
9144,0
2034,0
4135,1
9151,0
3562,1
11180,1
7273,0
7893,1
10337,0
8714,1
3638,0
10912,0
2203,1
9117,1
6697,0
4196,0
3510,1
7270,0
9544,0
8963,1
4794,0
402,0
1653,0
9251,0
4957,0
5904,1
7465,1
554,0
1796,0
9669,0
2654,0
2655,0
2656,0
882,0
10925,1
6398,0
6287,1
10082,0
4325,0
4337,0
10169,0
10170,0
10480,0
3996,0
5662,0
8580,0
1766,1
10923,1
9647,0
10950,0
9619,0
9919,1
5104,1
9398,0
6041,1
10924,0
8354,1
5253,0
6593,0
1678,0
5647,1
6739,0
5002,0
9107,0
325,0
3424,0
8890,1
5308,1
4552,0
7706,0
2068,0
7266,0
6381,1
9370,1
10816,0
8865,1
9926,1
10882,1
10880,1
5780,0
1915,0
2903,0
3937,0
7079,1
6256,1
7452,1
8116,0
9184,0
5357,0
5477,0
5478,0
6113,0
8160,0
3623,0
3048,0
3823,1
8916,1
8940,1
5888,1
1496,1
6418,0
5466,1
4122,1
150,0
3119,0
3120,0
5955,0
9634,0
9702,1
10570,0
3484,1
4933,1
7548,1
10655,1
1864,0
1916,0
3896,0
5799,0
10403,1
3684,0
8383,1
4073,1
11134,0
5880,1
1163,0
6060,0
5325,0
7622,0
5976,1
8673,0
9214,0
5728,0
5879,1
1706,1
8035,1
6251,0
1246,1
8882,1
8380,0
8466,1
9072,0
9073,0
3351,0
6798,0
9394,1
11024,0
9818,0
4391,1
1631,0
3862,0
4029,0
3192,0
4221,0
149,0
2779,1
4346,1
5224,0
5775,0
7459,0
2963,0
9810,0
4752,0
4149,1
8303,1
873,0
10161,1
5778,0
8220,0
10444,0
6972,1
10533,1
6254,0
7438,0
208,0
7827,0
30,1
1685,0
1716,0
1871,0
2769,0
3116,0
3227,0
10124,0
7658,0
5842,0
6186,0
7170,0
4454,0
3841,0
1088,0
7409,1
9979,1
10545,0
9924,1
1020,1
5592,0
8977,1
3513,0
6913,0
4802,1
10952,0
5244,0
4609,1
4513,0
8962,1
1828,0
1832,0
6253,0
3449,1
10090,0
9957,1
6822,0
4635,0
7040,0
5654,0
6278,0
10216,0
9888,0
8834,0
5013,0
6473,0
6638,0
7921,0
10496,0
10164,1
4767,0
10870,0
9336,1
3306,0
2768,1
3429,0
8402,0
8405,0
9778,0
1502,0
1789,0
3539,0
10382,0
9897,1
3710,0
10005,0
7431,1
2239,1
4888,1
7601,0
9042,0
386,0
5547,0
8726,0
8730,0
8731,0
8735,0
8985,1
4877,1
178,0
6458,0
3916,0
6140,1
3800,1
9442,0
1413,0
8799,0
9942,0
9135,1
5458,0
5459,0
8423,0
8993,0
8994,0
7562,1
5414,1
8964,1
9314,0
4550,0
2027,0
4367,0
4368,0
3460,0
10324,1
2360,1
1701,0
2119,0
4694,0
3339,1
3340,1
1873,0
4812,0
10072,1
10073,1
3779,0
9506,0
7182,0
8869,0
8874,0
1725,0
1884,0
1885,1
1886,0
1887,1
1888,0
1889,1
2348,0
2742,1
5890,0
9510,0
9511,0
9585,0
9724,0
9054,0
9041,0
5060,1
3419,0
6367,0
6769,0
6400,1
6421,1
3730,0
3496,1
1813,1
2251,0
1865,0
7651,0
278,0
279,0
1694,0
2035,0
3189,0
2405,0
1931,1
5042,1
10704,1
11201,1
11219,1
3144,1
6411,1
8357,0
9595,0
10840,0
10597,1
9266,0
5431,0
9910,1
5517,0
6628,0
8605,0
7836,0
8038,0
7591,1
7592,1
7340,0
7379,0
6371,0
8599,0
9848,0
10455,0
3446,0
7174,0
8283,0
3554,1
9189,1
4229,1
3453,1
4763,1
7907,1
6659,0
3400,1
9246,1
9282,1
3537,0
11264,0
8546,0
7265,1
2424,1
2449,1
2482,1
4064,0
3439,0
7247,1
5901,0
2026,0
7563,1
3739,0
2908,0
6009,1
7845,1
7932,1
8228,1
6231,1
7500,1
10186,0
6594,0
4009,0
4063,0
7361,0
11131,0
7701,0
6131,0
8667,0
5033,0
4241,0
7309,1
7709,1
4309,1
5327,0
3075,0
8462,0
9052,0
7237,1
6491,0
8236,1
9363,1
4540,1
7331,1
3329,0
7484,1
9865,0
135,0
3109,1
3221,0
9863,0
7909,0
3279,0
8904,0
8933,0
7866,1
8235,0
8322,0
8032,0
1947,1
1948,1
2364,1
2390,1
2801,1
3154,1
3245,1
3246,1
6839,1
6840,1
7003,1
7004,1
9209,0
1849,0
9433,0
4455,0
6019,0
7041,0
8292,0
2015,0
5505,0
9578,0
7650,0
7180,0
323,0
738,0
6126,0
6141,0
3423,0
9561,0
8397,0
10627,0
6658,0
4286,1
11234,1
11224,1
6767,0
6768,0
10512,0
10607,0
4905,1
4906,1
4907,1
4908,1
6476,0
6509,1
6562,0
7522,1
7523,1
7524,1
7525,1
7837,1
7838,1
7839,1
7925,1
7926,0
7995,1
7996,1
7997,0
8436,0
10316,1
10320,0
10635,1
10677,1
11154,1
1675,1
1719,1
1737,1
2151,1
2230,1
2391,1
2393,1
2529,1
2802,1
2916,1
2919,0
2922,0
5455,1
4559,1
2690,1
6892,1
53,0
934,0
8144,0
2679,0
3617,1
8920,0
2720,0
3491,0
8089,0
8216,0
10175,0
9605,0
9606,0
2003,1
8684,1
2596,1
8511,0
3913,0
6464,0
6465,0
6466,0
6469,0
6533,0
10114,0
2228,1
2229,1
5454,1
5558,1
4816,0
8722,1
4965,0
5241,0
3708,0
6535,0
6311,0
10997,0
10928,1
5012,1
4735,1
4515,0
4993,1
4446,1
11250,0
9616,0
8046,0
7793,0
8704,0
5502,0
7264,0
3644,0
6321,0
7223,0
2436,1
2469,1
2494,1
9552,0
2076,0
3013,0
6380,0
40,0
2930,0
10584,0
3027,1
6789,0
2281,0
5987,1
4711,1
1644,1
3477,1
7530,1
8001,1
9263,1
10006,0
10916,1
4040,0
9804,0
4954,0
1647,0
4247,0
935,0
7080,1
2385,0
93,0
10748,0
1629,0
6415,0
8298,0
298,0
9412,1
2079,1
2791,1
11076,1
6601,0
5951,0
5954,0
1722,0
2036,0
3261,0
60,0
3474,0
6270,0
9100,0
7492,1
10473,1
6359,0
4776,1
7083,1
2199,1
2207,1
10566,0
185,1
9579,0
9706,1
6387,0
2279,1
2331,1
8701,0
9310,1
5731,0
9376,0
7077,1
8265,0
1160,0
8862,0
7632,0
9293,0
9332,0
10776,1
5039,1
6438,1
6493,1
6525,1
7871,1
7952,1
8241,1
8326,1
10703,1
5791,0
9349,0
9350,0
4789,1
2979,0
5504,1
2429,1
2438,1
2456,1
2470,1
2473,1
2474,1
2495,1
2643,1
2796,1
2797,1
6959,1
6961,1
6986,1
6987,1
7124,1
8143,1
3669,0
10659,0
5988,0
6749,1
6378,1
8724,0
4019,0
4070,0
10221,0
2512,0
6098,0
10905,0
10906,1
10909,1
10910,1
10968,0
10975,0
10976,0
11050,0
11051,0
11057,0
11058,0
4964,1
10868,0
5841,0
5846,0
4720,0
1534,0
7663,1
6284,1
7065,0
7894,1
7102,0
3399,1
3412,1
9567,0
10387,1
4845,1
3697,0
3698,0
4710,0
3380,0
8622,0
8626,0
9656,0
9657,0
10369,0
7441,0
8820,0
4012,0
9315,1
7234,1
2316,0
3113,0
5349,1
5602,0
2528,0
6994,0
10535,0
10709,0
252,0
6553,0
10257,0
6303,0
3096,0
795,0
818,0
7193,0
4136,1
4215,0
5496,0
10644,1
1693,0
1847,0
1848,0
1995,0
1996,0
1997,0
2058,0
2059,0
2065,0
2083,0
3186,0
3193,0
4347,0
9710,1
9465,0
9353,1
5876,1
8264,0
9826,0
11205,0
7830,0
2627,1
7260,0
5211,0
9325,0
4225,1
242,0
9287,0
4157,0
2339,0
3711,0
6071,0
6120,0
2113,0
2806,0
6074,0
10768,0
7269,0
1735,1
2566,1
6596,0
65,1
191,0
217,1
2132,1
3173,1
4164,1
5401,1
5402,1
1127,0
10827,0
281,0
965,0
3701,0
6069,0
11251,0
11257,0
4195,0
9274,1
10801,0
5766,0
7114,0
10298,1
3856,1
4145,0
4146,0
4167,0
5823,1
10235,0
4230,0
4156,0
6501,1
10159,1
4440,0
10305,1
8880,1
4825,0
9193,1
7131,0
8413,1
5348,0
7272,1
10553,1
3087,1
16,0
4384,0
6660,1
4184,0
316,0
321,0
4985,1
9114,1
7806,1
2098,0
2099,0
2319,0
2321,0
5776,1
5302,1
4649,1
373,0
423,0
428,0
507,0
647,0
699,0
949,0
1019,1
1123,0
1192,0
1908,0
2049,0
2077,0
2880,0
2921,0
3197,0
3271,0
5422,0
5612,0
8617,0
8621,0
8647,0
8648,0
8764,0
9632,0
10236,0
10240,0
1106,0
4950,0
2501,0
2510,0
6423,1
7283,1
8719,0
3276,0
9128,1
6786,0
775,0
993,0
1530,0
3855,1
9584,0
6502,0
7576,0
4614,0
4803,0
9077,0
10459,0
4831,0
4435,0
4878,0
7761,0
7762,0
10470,1
1624,0
4788,1
5210,0
8399,1
9613,0
3085,1
7101,0
7656,0
5290,0
6903,0
8467,0
8493,0
3325,1
55,0
114,0
380,0
1804,0
10254,0
7391,1
11000,1
4016,0
4067,0
7439,1
3981,0
5404,1
1786,1
2374,1
3162,0
10861,0
10087,0
7876,0
7960,0
2514,1
2516,1
2522,1
10239,0
5260,1
5036,1
6435,1
6523,1
8321,1
8600,1
10682,1
5581,0
2325,0
6317,1
11191,1
10501,0
5434,1
9933,1
5997,0
6475,0
6561,0
7924,0
8226,1
10486,1
7721,1
2785,1
