y_true,y_prob
0,0.022
0,0.02
0,0.02
0,0.014
0,0.012
0,0.02
0,0.016
0,0.028
0,0.084
0,0.034
0,0.094
0,0.012
0,0.02
0,0.02
0,0.164
0,0.084
0,0.078
0,0.08
0,0.074
0,0.09
0,0.058
0,0.048
0,0.052
0,0.064
0,0.104
1,0.712
0,0.164
1,0.754
1,0.7533462775990235
1,0.968
0,0.108
1,0.752
0,0.084
0,0.062
0,0.078
0,0.086
0,0.068
0,0.2
0,0.082
0,0.182
0,0.116
0,0.07
0,0.044
1,0.742
1,0.894
0,0.154
0,0.052
0,0.064
0,0.122
0,0.154
0,0.086
0,0.024
0,0.042
1,0.812
1,0.99
1,0.654
0,0.014
0,0.058
0,0.054
0,0.026
1,0.804
1,0.734
0,0.134
0,0.106
0,0.076
1,0.916
1,0.874
1,0.854
1,0.906
1,0.944
1,0.932
1,0.806
0,0.14
0,0.116
0,0.046
0,0.052
1,0.918
1,0.884
0,0.224
0,0.07
0,0.142
1,0.79
1,0.722
0,0.128
0,0.132
1,0.77
1,0.966
1,0.82
0,0.028
0,0.04
0,0.058
0,0.07
0,0.134
0,0.028
1,0.924
1,0.948
1,0.94
1,0.85
1,0.718
1,0.732
0,0.094
0,0.074
0,0.082
0,0.078
1,0.934
1,0.976
1,0.962
0,0.098
0,0.08
1,0.858
1,0.958
0,0.028
0,0.208
0,0.216
0,0.064
1,0.776
0,0.084
0,0.066
0,0.078
0,0.058
1,0.808
0,0.124
0,0.138
1,0.826
0,0.06
0,0.098
0,0.32
0,0.1
0,0.03
1,0.816
0,0.106
1,0.988
1,0.994
1,0.992
1,0.984
0,0.076
0,0.228
1,0.74
1,0.7436092838196287
0,0.076
0,0.016
1,0.848
1,0.824
0,0.118
0,0.15
1,0.938
0,0.084
0,0.14
0,0.17
0,0.148
0,0.006
0,0.027609283819628648
0,0.014
0,0.098
1,0.96
1,0.96
0,0.092
1,0.74
0,0.144
1,0.814
0,0.118
1,0.746
0,0.092
1,0.82
1,0.788
1,0.776
0,0.03
1,0.774
0,0.118
1,0.874
0,0.162
1,0.928
1,0.912
0,0.045346277599023634
0,0.03534627759902364
0,0.08501463333054603
0,0.054
0,0.054
1,0.838
0,0.018
0,0.018
0,0.018
1,0.934
1,0.924
1,0.936
0,0.024
0,0.028
0,0.06
0,0.024
0,0.12
0,0.15
0,0.084
0,0.092
0,0.146
0,0.058
0,0.084
1,0.758
0,0.088
1,0.9810146333305461
1,0.9810146333305461
0,0.104
1,0.984
1,0.992
1,0.98
0,0.012
0,0.082
1,0.712
1,0.828
0,0.072
0,0.078
1,0.856
0,0.026
1,0.888
0,0.136
1,0.888
1,0.856
0,0.074
0,0.046
0,0.02
0,0.04
1,0.97
1,0.938
0,0.022
0,0.09301463333054603
0,0.086
1,0.802
0,0.082
0,0.04
1,0.782
0,0.032
1,0.756
0,0.16
1,0.748
0,0.076
0,0.192
0,0.236
1,0.826
1,0.837014633330546
0,0.108
0,0.076
0,0.104
0,0.1
1,0.862
0,0.178
1,0.7
0,0.016
0,0.032
0,0.021609283819628646
0,0.03
0,0.034
1,0.832
1,0.778
0,0.154
1,0.758
0,0.112
0,0.106
1,0.8133462775990236
0,0.21734627759902364
0,0.126
0,0.012
0,0.012
0,0.03
0,0.012
0,0.03
0,0.01
0,0.01
0,0.066
0,0.032
0,0.04
0,0.034
1,0.816
1,0.866
0,0.134
0,0.08
0,0.026
0,0.022
0,0.038
0,0.134
0,0.24
1,0.812
0,0.068
0,0.044
0,0.076
1,0.952
0,0.07
0,0.136
0,0.034
1,0.79
1,0.768
1,0.862
1,0.824
0,0.098
0,0.112
0,0.102
1,0.832
0,0.152
1,0.86
0,0.114
1,0.728
0,0.132
1,0.824
1,0.964
1,0.976
1,0.732
0,0.186
0,0.23
1,0.792
0,0.122
1,0.822
0,0.086
0,0.062
0,0.096
1,0.754
0,0.022
0,0.022
0,0.194
0,0.14
1,0.87
1,0.814
0,0.028
0,0.13
0,0.086
0,0.132
1,0.696
0,0.08
0,0.0
0,0.016
0,0.016
0,0.058
0,0.02334627759902363
0,0.02334627759902363
0,0.038
1,0.758
1,0.778
0,0.148
1,0.892
1,0.856
0,0.12
1,0.8216092838196287
1,0.8348140892318014
0,0.1068140892318014
1,0.824
0,0.094
0,0.104
1,0.972
1,0.9336092838196287
1,0.922
0,0.092
0,0.162
0,0.02
1,0.8
0,0.03
0,0.05
0,0.026
0,0.03
0,0.064
1,0.816
1,0.828
0,0.082
1,0.73
1,0.762
1,0.746
1,0.844
0,0.088
0,0.164
0,0.104
0,0.104
0,0.05
0,0.016
0,0.044
0,0.016
1,0.906
1,0.87
0,0.056
0,0.078
1,0.954
1,0.81
1,0.814
0,0.098
0,0.042
0,0.17
0,0.048
1,0.768
1,0.798
0,0.042
0,0.154
1,0.918
0,0.11258344953599077
1,0.986
1,0.938
1,0.942
1,0.928
0,0.054
0,0.128
0,0.062
0,0.068
1,0.984
1,0.868
0,0.152
0,0.024
0,0.128
1,0.712
0,0.106
0,0.086
0,0.042
0,0.052
0,0.052
0,0.048
1,0.818
0,0.036
0,0.034
0,0.076
0,0.04
0,0.044
1,0.878
0,0.032
0,0.024
0,0.046
0,0.048
0,0.09760928381962865
0,0.1
1,0.758
0,0.14
1,0.788
0,0.112
0,0.084
0,0.058
0,0.056
0,0.124
0,0.034
0,0.118
0,0.05
1,0.694
0,0.102
0,0.09
0,0.036
0,0.064
0,0.106
0,0.09901463333054604
0,0.1
0,0.06
0,0.062
0,0.06
0,0.048
0,0.048
0,0.066
0,0.074
0,0.208
1,0.8152140070035018
0,0.072
0,0.008
0,0.008
0,0.04360928381962864
1,0.792
0,0.022
0,0.12
0,0.04
0,0.102
0,0.088
0,0.054
0,0.076
0,0.066
0,0.07
0,0.074
0,0.07
0,0.056
0,0.054
1,0.69
0,0.07
0,0.098
1,0.864
1,0.848
0,0.106
0,0.054
1,0.79
1,0.75
1,0.832
0,0.084
0,0.082
0,0.118
0,0.12
0,0.062
0,0.108
1,0.7
1,0.794
1,0.788
0,0.268
1,0.904
0,0.184
0,0.06
1,0.874
0,0.242
0,0.202
0,0.004
0,0.004
0,0.004
1,0.796
0,0.072
0,0.088
0,0.036
0,0.132
1,0.99
1,0.994
1,0.98
1,0.982
1,0.992
1,0.988
1,0.96
1,0.984
1,0.992
1,0.992
0,0.076
1,0.874
0,0.06
0,0.052
0,0.086
0,0.078
0,0.146
0,0.056
0,0.015510895280786951
0,0.12
0,0.102
1,0.8333462775990237
0,0.138
1,0.774
0,0.072
0,0.104
0,0.112
1,0.85
0,0.132
1,0.776
0,0.052
0,0.122
0,0.132
0,0.168
1,0.858
0,0.162
0,0.148
1,0.838
0,0.116
1,0.646
1,0.744
1,0.728
1,0.83
0,0.082
0,0.202
0,0.166
0,0.088
0,0.12
1,0.786
0,0.066
1,0.738
1,0.748
1,0.8137213789189955
0,0.04
0,0.038
0,0.022
0,0.024
0,0.03
0,0.014
0,0.122
0,0.082
0,0.044
0,0.064
0,0.086
0,0.05
1,0.836
1,0.816
0,0.2
1,0.848
1,0.908
1,0.908
0,0.138
0,0.172
1,0.836
0,0.104
0,0.06501463333054604
0,0.068
1,0.734
1,0.706
1,0.894
0,0.072
0,0.118
1,0.888
1,0.926
0,0.112
0,0.104
1,0.9
1,0.916
0,0.144
0,0.122
0,0.088
0,0.09
0,0.084
1,0.746
0,0.066
1,0.75
0,0.036
1,0.78
0,0.06
1,0.848
0,0.104
0,0.11
0,0.082
0,0.074
1,0.758
0,0.02
0,0.082
1,0.77
1,0.798
1,0.674
0,0.14
0,0.114
1,0.718
0,0.046
0,0.118
0,0.12
0,0.10501463333054603
1,0.862
1,0.838
0,0.122
0,0.082
0,0.026
0,0.026
0,0.06301463333054604
1,0.784
0,0.06
0,0.154
1,0.902
0,0.174
1,0.828
0,0.208
1,0.778
1,0.794
0,0.154
1,0.828
0,0.08
0,0.034
0,0.098
0,0.126
0,0.05
0,0.104
1,0.758
0,0.026
0,0.05172137891899561
0,0.04
0,0.022
1,0.792
0,0.16
0,0.136
1,0.928
0,0.044
0,0.05
1,0.922
0,0.088
0,0.11
0,0.114
0,0.092
0,0.068
0,0.068
0,0.136
0,0.158
0,0.074
0,0.09
1,0.744
0,0.13
0,0.142
0,0.206
1,0.778
0,0.021346277599023633
0,0.021346277599023633
1,0.858
0,0.09960928381962865
1,0.91
0,0.136
1,0.796
0,0.04
1,0.71
1,0.714
0,0.048
0,0.118
1,0.96
1,0.782
1,0.784
0,0.076
0,0.156
1,0.914
1,0.726
0,0.022
0,0.026
0,0.1
0,0.092
0,0.066
0,0.118
0,0.15
0,0.058
1,0.846
0,0.058
1,0.806
0,0.04
0,0.118
0,0.076
1,0.722
1,0.784
0,0.025822962050419156
0,0.01
0,0.04
0,0.05
1,0.822
1,0.768
1,0.838
0,0.036
0,0.22
1,0.922
0,0.128
0,0.028
0,0.218
0,0.086
1,0.756
0,0.046
0,0.106
0,0.022
0,0.022
1,0.806
1,0.732
0,0.066
0,0.13
0,0.046
0,0.172
0,0.104
0,0.156
0,0.09301463333054603
1,0.762
1,0.866
0,0.164
1,0.824
0,0.108
1,0.862
1,0.85
1,0.736
0,0.066
0,0.042
1,0.784
0,0.182
1,0.786
0,0.084
0,0.14
0,0.038
0,0.052
0,0.12
0,0.068
0,0.044
0,0.112
0,0.2
0,0.198
0,0.144
0,0.068
1,0.868
0,0.154
0,0.104
1,0.74
0,0.182
1,0.8
0,0.26
1,0.958
1,0.784
0,0.092
1,0.744
0,0.04
0,0.072
0,0.208
1,0.798
0,0.114
1,0.812
0,0.196
0,0.084
0,0.116
1,0.864
1,0.778
0,0.046
0,0.046
1,0.98
1,0.978
1,0.98
1,0.988
0,0.186
0,0.178
0,0.082
0,0.134
0,0.12
0,0.064
0,0.118
0,0.196
0,0.02
0,0.058
1,0.764
1,0.794
1,0.778
0,0.134
1,0.8
1,0.91
1,0.962
1,0.95
0,0.066
0,0.05101463333054603
0,0.054
0,0.05
0,0.082
0,0.036
0,0.052
0,0.032
0,0.05
0,0.116
0,0.07
1,0.708
0,0.052
1,0.854
1,0.882
1,0.874
1,0.89
1,0.788
0,0.056
1,0.816
0,0.098
0,0.088
0,0.068
1,0.728
1,0.91
1,0.842
0,0.16
1,0.808
0,0.082
0,0.03
0,0.03
0,0.04
1,0.838
0,0.178
1,0.916
0,0.042
1,0.898
0,0.088
0,0.082
1,0.768
0,0.078
0,0.164
0,0.072
1,0.716
0,0.092
1,0.84
0,0.098
0,0.038
0,0.05
0,0.226
0,0.05
0,0.09
0,0.14
0,0.106
0,0.044
0,0.068
0,0.08
1,0.814
0,0.076
1,0.778
0,0.056
1,0.778
0,0.098
1,0.848
1,0.76
0,0.058
0,0.058
0,0.158
1,0.842
0,0.128
1,0.788
0,0.008
0,0.008
0,0.008
1,0.83
1,0.862
1,0.932
1,0.898
1,0.932
1,0.864
0,0.078
1,0.824
1,0.72
1,0.792
0,0.01
0,0.02
0,0.008
0,0.008
0,0.036
0,0.036
1,0.762
1,0.676
1,0.73
0,0.022
0,0.102
0,0.016
0,0.014
0,0.022
0,0.038
0,0.036
0,0.038
0,0.032
0,0.046
0,0.138
0,0.032
0,0.058
0,0.078
0,0.05
0,0.036
0,0.042
0,0.032
0,0.012
0,0.022
1,0.694
0,0.042
1,0.856
1,0.924
0,0.196
1,0.742
1,0.726
1,0.988
1,0.978
1,0.974
1,0.988
1,0.988
1,0.982
1,0.996
1,0.978
1,0.976
1,0.862
1,0.758
0,0.068
0,0.056
0,0.044
1,0.92
0,0.052
0,0.056
0,0.066
0,0.04
0,0.054
0,0.042
0,0.17
0,0.108
0,0.092
0,0.068
1,0.964
0,0.092
0,0.08
1,0.75
1,0.832
0,0.06
1,0.754
0,0.14
0,0.032
1,0.946
1,0.732
1,0.954
0,0.038
1,0.944
1,0.982
1,0.958
1,0.86
0,0.064
0,0.076
0,0.114
1,0.75
0,0.042
0,0.156
0,0.116
0,0.154
1,0.778
1,0.71
0,0.042
0,0.122
0,0.164
0,0.2
0,0.05360928381962864
0,0.196
1,0.666
0,0.074
1,0.808
1,0.752
1,0.836
0,0.094
0,0.138
0,0.084
0,0.054
0,0.096
0,0.052
0,0.184
1,0.834
0,0.038
1,0.954
1,0.96
1,0.946
0,0.036
0,0.034
1,0.818
1,0.916
0,0.186
1,0.824
1,0.852
0,0.144
0,0.048
0,0.056
1,0.84
0,0.144
0,0.03
0,0.06
0,0.088
1,0.968
0,0.046
0,0.032
0,0.088
0,0.194
0,0.04934627759902364
0,0.030679737829813456
0,0.030679737829813456
1,0.742
0,0.162
1,0.842
1,0.746
0,0.008
0,0.008
1,0.758
0,0.128
0,0.136
0,0.024
1,0.728
0,0.04
0,0.04
0,0.19
1,0.77
1,0.992
1,0.992
0,0.19
0,0.08681408923180141
1,0.864
0,0.1
0,0.0
0,0.0
0,0.0
0,0.0
0,0.104
0,0.042
1,0.904
0,0.104
0,0.066
1,0.912
0,0.042
0,0.006
0,0.054
0,0.006
0,0.054
0,0.042
0,0.006
0,0.17
0,0.088
1,0.778
0,0.15
0,0.134
1,0.78
0,0.076
0,0.15382296205041918
0,0.188
0,0.074
0,0.192
1,0.814
1,0.92
0,0.046
1,0.774
0,0.11
1,0.858
0,0.088
0,0.108
0,0.046
1,0.774
1,0.9
0,0.06
0,0.06
0,0.06
0,0.072
0,0.054
0,0.068
1,0.906
0,0.034
1,0.846
1,0.7983609109295696
0,0.014
0,0.014
0,0.006
0,0.006
0,0.018
0,0.018
0,0.026
0,0.04
0,0.054
1,0.902
0,0.174
0,0.138
0,0.302
1,0.796
0,0.018
0,0.222
0,0.134
0,0.124
0,0.008
0,0.05160928381962864
0,0.092
0,0.05
0,0.08734627759902364
0,0.10134627759902363
1,0.73
0,0.074
0,0.034
0,0.11151089528078695
0,0.008
0,0.052
0,0.116
0,0.164
1,0.966
1,0.978
1,0.98
1,0.986
1,0.98
1,0.946
1,0.958
1,0.978
1,0.994
1,0.994
1,0.992
1,0.994
1,0.994
1,0.982
1,0.992
1,0.98
1,0.956
1,0.976
1,0.974
1,0.958
1,0.952
1,0.988
1,0.984
1,0.978
1,0.97
1,0.984
1,0.952
1,0.982
1,0.986
1,0.96
1,0.986
1,0.988
1,0.99
1,0.982
1,0.952
1,0.988
1,0.988
1,0.99
0,0.108
0,0.068
0,0.038
0,0.176
1,0.988
0,0.11
0,0.032
1,0.86
1,0.856
1,0.796
0,0.122
1,0.986
1,0.986
0,0.224
1,0.948
1,0.898
0,0.18
1,0.76
0,0.104
1,0.786
0,0.066
0,0.098
0,0.02
0,0.02
1,0.974
1,0.988
0,0.11
1,0.78
1,0.7650146333305461
1,0.892
1,0.752
0,0.198
1,0.832
0,0.114
0,0.148
0,0.004
0,0.004
0,0.004
0,0.004
1,0.7370146333305461
0,0.058
1,0.816
1,0.952
0,0.146
0,0.064
1,0.754
0,0.03
0,0.018
0,0.064
0,0.064
0,0.19560928381962864
0,0.056
0,0.13
0,0.118
0,0.13
0,0.102
0,0.104
1,0.922
1,0.894
1,0.916
1,0.95
1,0.924
1,0.784
0,0.124
0,0.048
0,0.156
0,0.012
0,0.04
0,0.086
0,0.04
1,0.968
1,0.96
1,0.976
0,0.098
0,0.138
1,0.822
1,0.862
0,0.086
0,0.07
0,0.088
0,0.088
0,0.08
1,0.828
0,0.188
1,0.786
1,0.908
0,0.04
0,0.104
0,0.04
0,0.072
0,0.162
1,0.726
0,0.078
0,0.016
0,0.012
0,0.046
0,0.068
0,0.108
0,0.108
0,0.014
0,0.014
1,0.794
1,0.948
1,0.924
1,0.934
0,0.082
1,0.808
1,0.892
0,0.136
0,0.116
0,0.044
1,0.888
1,0.786
0,0.066
1,0.782
0,0.034
0,0.106
0,0.156
0,0.068
0,0.076
0,0.096
1,0.732
0,0.21
1,0.944
1,0.986
1,0.986
1,0.992
1,0.926
1,0.992
0,0.098
1,0.936
0,0.126
1,0.77
0,0.13
0,0.08
1,0.83
1,0.7993462775990237
0,0.034
0,0.09
0,0.124
0,0.114
0,0.012
0,0.034
0,0.024
0,0.026
0,0.021609283819628646
0,0.002
0,0.006
0,0.006
0,0.002
0,0.01
1,0.916
0,0.138
1,1.0
1,0.998
0,0.13
1,0.954
0,0.052
0,0.106
0,0.094
0,0.086
0,0.122
0,0.248
0,0.01
0,0.01
0,0.002
0,0.002
0,0.002
0,0.012
0,0.012
0,0.07
0,0.124
0,0.058
0,0.05
0,0.044
0,0.144
0,0.068
0,0.096
0,0.122
0,0.076
0,0.04
1,0.778
0,0.164
1,0.706
0,0.04
0,0.13560928381962864
0,0.108
1,0.924
1,0.786
0,0.218
1,0.824
0,0.03
0,0.036
1,0.956
1,0.954
0,0.096
0,0.11
0,0.03
0,0.178
0,0.096
0,0.224
0,0.078
0,0.084
0,0.094
0,0.026
0,0.096
0,0.06
0,0.034
0,0.078
0,0.072
0,0.06
0,0.046
0,0.03
1,0.812
0,0.14901463333054601
0,0.12134627759902364
1,0.788
0,0.066
0,0.006
0,0.012
1,0.964
0,0.058
0,0.076
0,0.044
0,0.042
0,0.088
0,0.072
0,0.112
0,0.15
0,0.09
0,0.11934627759902364
0,0.268
1,0.756
0,0.104
0,0.016
0,0.018
0,0.042
0,0.074
0,0.128
1,0.892
0,0.142
0,0.092
1,0.88
0,0.16960928381962864
1,0.832
1,0.816
0,0.062
1,0.762
1,0.786
1,0.922
0,0.052
0,0.04
0,0.052
0,0.022
0,0.03
0,0.044
0,0.198
1,0.834
1,0.772
1,0.786
0,0.102
0,0.08
1,0.864
1,0.97
1,0.97
0,0.122
0,0.082
0,0.038
1,0.876
1,0.922
0,0.04
0,0.044
0,0.028
0,0.164
1,0.94
0,0.148
1,0.76
1,0.996
0,0.106
1,0.794
0,0.18
1,0.83
1,0.892
1,0.898
0,0.032
0,0.05
0,0.216
1,0.928
0,0.114
0,0.124
0,0.042
0,0.016
0,0.122
1,0.752
1,0.808
0,0.046
1,0.84
1,0.82
1,0.84
1,0.866
0,0.15
0,0.18
1,0.87
1,0.736
0,0.238
0,0.06
0,0.076
0,0.002
0,0.002
0,0.002
0,0.002
0,0.0
0,0.01
0,0.012
0,0.012
0,0.012
0,0.004
0,0.016
0,0.0
0,0.022
0,0.04
0,0.074
0,0.058
0,0.032
0,0.002
0,0.03
0,0.008
0,0.016
0,0.014
0,0.012
0,0.03081408923180141
0,0.074
0,0.014
0,0.012
0,0.01
0,0.01
0,0.056
0,0.064
0,0.08
0,0.006
0,0.006
0,0.018
0,0.01
0,0.01
0,0.052
0,0.046
0,0.026
0,0.014
0,0.006
0,0.002
0,0.018
0,0.0
0,0.004
0,0.022
0,0.02
0,0.012
0,0.014
1,0.874
1,0.886
1,0.7693462775990236
0,0.114
1,0.852
0,0.144
1,0.856
1,0.85
0,0.082
0,0.09
0,0.064
1,0.832
0,0.134
1,0.846
0,0.04681408923180141
1,0.8
0,0.038
1,0.836
1,0.786
1,0.862
1,0.908
0,0.058
1,0.85
1,0.816
0,0.044
0,0.018
0,0.046
0,0.06
0,0.076
0,0.078
1,0.89
0,0.016
0,0.064
0,0.116
0,0.068
0,0.024
0,0.016
0,0.038
0,0.058
0,0.046
1,0.694
0,0.068
0,0.082
0,0.096
0,0.152
0,0.076
0,0.112
0,0.028
0,0.1
0,0.15
0,0.084
1,0.866
1,0.806
0,0.13
1,0.738
0,0.11972137891899559
0,0.026
1,0.822
0,0.142
1,0.84
1,0.86
0,0.09
0,0.08360928381962865
0,0.10734627759902364
0,0.134
1,0.834
0,0.058
0,0.062
0,0.074
0,0.052
0,0.1
0,0.084
0,0.088
1,0.77
0,0.114
0,0.098
0,0.084
0,0.052
0,0.052
0,0.006
0,0.008
0,0.024
0,0.028
0,0.104
1,0.716
0,0.036
0,0.07
0,0.034
0,0.058
0,0.04
0,0.078
0,0.036
0,0.046
0,0.188
0,0.122
1,0.886
0,0.05
0,0.008
0,0.046
0,0.01
1,0.806
0,0.096
1,0.994
1,0.994
0,0.0
0,0.008
0,0.006
0,0.09360928381962864
0,0.016
0,0.002
0,0.012
1,0.82
1,0.812
0,0.028
0,0.148
1,0.742
0,0.078
0,0.102
1,0.934
1,0.934
0,0.022
1,0.908
1,0.912
1,0.894
0,0.048
0,0.116
1,0.966
1,0.992
1,0.94
1,0.986
1,0.982
1,0.96
1,0.978
1,0.988
1,0.986
1,0.966
0,0.124
1,0.966
0,0.046
0,0.07
0,0.138
1,0.926
0,0.07
0,0.108
0,0.054
0,0.04134627759902364
0,0.044
1,0.862
1,0.866
0,0.058
1,0.892
1,0.872
1,0.848
1,0.98
0,0.078
1,0.832
0,0.024
0,0.016
0,0.012
0,0.076
1,0.79
0,0.116
1,0.696
1,0.834
1,0.894
1,0.78
0,0.066
1,0.72
0,0.13
0,0.158
1,0.864
0,0.06
0,0.042
0,0.11
0,0.03
0,0.042
0,0.016
0,0.024
0,0.042
0,0.03
0,0.042
1,0.74
0,0.054
0,0.08
0,0.146
0,0.136
0,0.044
0,0.032
1,0.68
0,0.104
0,0.012
0,0.027609283819628648
0,0.0
0,0.009609283819628648
0,0.014
0,0.026
0,0.018
0,0.042
0,0.048
0,0.01
0,0.016
0,0.03
0,0.038
0,0.004
0,0.02
0,0.076
0,0.15
1,0.83
1,0.836
0,0.072
1,0.78
0,0.06
0,0.046
0,0.138
1,0.702
1,0.708
1,0.764
1,0.756
1,0.73
1,0.916
1,0.864
0,0.076
0,0.102
0,0.184
1,0.762
0,0.134
0,0.082
0,0.028
0,0.08
0,0.076
1,0.816
0,0.104
1,0.74
0,0.086
1,0.754
1,0.896
1,0.88
0,0.212
0,0.012
0,0.022
0,0.002
0,0.016
0,0.026
0,0.1
0,0.058
0,0.008
0,0.036
0,0.064
0,0.002
0,0.036
1,0.838
0,0.24
1,0.996
1,0.998
1,0.998
1,0.988
1,0.994
1,0.866
1,0.966
1,0.976
1,0.94
1,0.942
1,0.978
1,0.95
1,0.964
1,0.8
1,0.934
0,0.016
0,0.028
0,0.028
1,0.95
1,0.932
0,0.34
1,0.972
1,0.968
1,0.954
1,0.972
1,0.718
1,0.85
1,0.868
0,0.082
0,0.236
1,0.808
0,0.246
0,0.148
0,0.154
0,0.15
1,0.884
1,0.952
0,0.122
0,0.144
1,0.902
1,0.968
1,0.938
0,0.284
1,0.974
0,0.258
1,0.95
1,0.976
1,0.904
0,0.072
0,0.024
0,0.026
0,0.15951089528078694
1,0.722
0,0.024
0,0.02
0,0.016
0,0.022
0,0.01
0,0.108
0,0.084
1,0.982
1,0.986
1,0.986
1,0.982
1,0.9873462775990237
1,0.9873462775990237
1,0.976
1,0.976
0,0.114
1,0.794
0,0.164
0,0.104
0,0.104
0,0.026
0,0.026
0,0.05
1,0.812
0,0.106
1,0.826
0,0.012
0,0.164
0,0.036
1,0.99
1,0.984
1,0.984
1,0.986
1,0.992
1,0.998
1,0.996
1,0.998
1,0.99
0,0.142
0,0.07
0,0.18236091092956966
1,0.852
0,0.17
0,0.064
0,0.044
0,0.006
0,0.02
0,0.15
0,0.064
0,0.052
0,0.06
0,0.03
0,0.228
1,0.942
0,0.064
1,0.752
1,0.828
0,0.092
0,0.10836091092956968
0,0.038
0,0.032
0,0.096
0,0.134
1,0.79
1,0.774
0,0.036
0,0.056
1,0.904
1,0.984
1,0.98
1,0.96
1,0.964
1,0.974
1,0.988
0,0.152
0,0.07
0,0.1
0,0.044
1,0.91
0,0.084
0,0.076
1,0.906
1,0.906
1,0.732
0,0.186
1,0.804
0,0.072
0,0.286
0,0.116
0,0.152
1,0.772
0,0.054
0,0.176
0,0.108
0,0.084
1,0.902
0,0.12
0,0.04301463333054603
1,0.894
0,0.168
0,0.132
0,0.17960928381962865
1,0.82
1,0.818
0,0.09301463333054603
0,0.02
0,0.078
0,0.09
0,0.07
1,0.9
0,0.038
0,0.04
0,0.152
0,0.112
0,0.032
0,0.04
0,0.016679737829813454
0,0.04
0,0.124
1,0.932
0,0.052
1,0.972
0,0.212
1,0.776
0,0.108
0,0.04895556141865228
0,0.112
0,0.024
0,0.104
0,0.024
1,0.844
0,0.06652552861133298
1,0.814
0,0.154
0,0.05
1,0.814
1,0.792
0,0.156
0,0.12
0,0.13534627759902362
1,0.83
0,0.106
0,0.088
0,0.012
0,0.01
0,0.016
0,0.01
0,0.008
0,0.0
0,0.026
0,0.118
0,0.008
0,0.01
0,0.036
0,0.028
0,0.012
0,0.012
0,0.022
0,0.004
0,0.0
0,0.008466456699439231
0,0.0
0,0.0
0,0.0
0,0.008
0,0.04
0,0.022
0,0.014
0,0.086
1,0.804
1,0.87
1,0.6906680572109796
0,0.094
0,0.05
0,0.108
0,0.126
0,0.23
0,0.108
0,0.092
0,0.038
1,0.898
1,0.878
0,0.044
0,0.042
0,0.042
0,0.102
0,0.094
1,0.778
0,0.198
1,0.768
0,0.202
0,0.04462391715017468
0,0.096
1,0.862
1,0.772
0,0.044
0,0.05
1,0.838
1,0.714
0,0.142
0,0.134
0,0.13
1,0.688
0,0.036
0,0.064
0,0.064
0,0.06436091092956966
0,0.062
0,0.064
0,0.07
0,0.112
1,0.8
1,0.962
0,0.06
1,0.986
1,0.992
0,0.074
1,0.97
0,0.092
0,0.106
0,0.134
0,0.154
1,0.8053462775990237
0,0.058
0,0.242
1,0.782
0,0.102
0,0.136
0,0.026
0,0.038
0,0.056
0,0.096
0,0.072
0,0.068
0,0.174
0,0.031346277599023635
0,0.031346277599023635
0,0.12
1,0.822
1,0.87
0,0.022
1,0.83
0,0.01
0,0.024
0,0.018
1,0.806
1,0.924
0,0.094
0,0.068
1,0.774
1,0.8373462775990236
0,0.134
0,0.106
0,0.096
0,0.048
0,0.029346277599023633
1,0.672
1,0.808
0,0.06
0,0.164
0,0.026
1,0.744
0,0.014
0,0.054
0,0.118
1,0.968
1,0.962
1,0.694
0,0.094
1,0.752
1,0.776
1,0.9053462775990235
0,0.024
1,0.814
1,0.85
0,0.052
0,0.054
0,0.09
1,0.826
1,0.862
0,0.092
1,0.804
0,0.17
1,0.812
1,0.808
0,0.148
0,0.072
1,0.996
1,0.992
0,0.042
0,0.046
1,0.994
1,0.994
1,0.982
1,0.782
1,0.774
0,0.286
1,0.826
0,0.038
0,0.03560928381962864
1,0.716
0,0.08
0,0.12
0,0.17
1,0.84
1,0.822
1,0.788
1,0.818
1,0.922
1,0.922
0,0.07
0,0.074
0,0.086
0,0.118
1,0.94
1,0.98
1,0.982
1,0.964
0,0.192
0,0.19
1,0.812
0,0.122
0,0.176
1,0.81
0,0.226
0,0.102
0,0.052
1,0.868
0,0.176
0,0.116
0,0.076
0,0.208
0,0.03534627759902364
0,0.014
0,0.014
0,0.064
0,0.078
0,0.11
0,0.142
0,0.188
0,0.144
0,0.12334627759902364
0,0.04
0,0.1
1,0.82
0,0.072
0,0.124
0,0.174
1,0.846
0,0.074
0,0.064
0,0.21
1,0.77
0,0.114
0,0.066
1,0.8
1,0.864
1,0.76
1,0.86
0,0.004
0,0.018
0,0.028
0,0.011609283819628648
0,0.026
0,0.042
0,0.064
0,0.092
1,0.816
1,0.91
0,0.156
1,0.816
0,0.096
1,0.84
1,0.852
0,0.092
0,0.1
1,0.822
1,1.0
1,0.988
1,0.996
1,0.988
1,0.996
1,0.996
1,0.992
1,0.99
1,1.0
1,0.992
1,0.996
1,1.0
1,0.998
1,0.992
0,0.24
0,0.094
1,0.816
1,0.856
0,0.154
0,0.056
0,0.094
0,0.146
1,0.804
1,0.678
0,0.046
0,0.046
1,0.898
0,0.15
0,0.042
0,0.068
0,0.13
0,0.03
0,0.1688140892318014
0,0.174
0,0.029346277599023633
1,0.956
1,0.936
1,0.976
1,0.974
1,0.974
1,0.954
1,0.924
0,0.078
0,0.074
0,0.058
0,0.046
0,0.022
0,0.066
1,0.788
0,0.16
0,0.023609283819628648
1,0.7650146333305461
1,0.84
0,0.064
1,0.826
1,0.888
1,0.698
1,0.824
1,0.91
1,0.958
1,0.992
1,0.992
1,0.98
1,0.984
1,0.942
1,0.68
0,0.064
0,0.148
1,0.986
1,0.844
1,0.676
0,0.016
0,0.016
0,0.031609283819628645
1,0.998
1,0.988
1,0.98
1,0.98
1,0.994
1,0.994
1,0.976
1,0.92
0,0.012
0,0.024
1,0.732
0,0.056
0,0.074
0,0.07
0,0.11
1,0.998
1,0.994
1,0.998
0,0.052
1,0.836
0,0.066
0,0.026
0,0.052
0,0.062
1,0.7645034395292162
0,0.166
1,0.734
0,0.168
0,0.244
0,0.104
0,0.158
1,0.746
0,0.108
0,0.06
0,0.036
0,0.09315716193019265
0,0.024
0,0.036
0,0.03
0,0.072
0,0.11734627759902364
1,0.78
1,0.78
1,0.812
0,0.108
0,0.072
0,0.156
1,0.814
1,0.74
0,0.044
0,0.086
0,0.044
0,0.044
1,0.88
0,0.03
0,0.18
1,0.798
0,0.166
0,0.092
0,0.106
1,0.916
1,0.914
0,0.042
0,0.006
1,0.816
0,0.15
1,0.692
1,0.78
1,0.702
0,0.08
0,0.078
1,0.83
1,0.718
0,0.07
0,0.104
0,0.182
0,0.078
1,0.906
1,0.934
1,0.694
0,0.11
0,0.086
0,0.176
0,0.252
1,0.814
0,0.092
1,0.844
1,0.838
0,0.106
0,0.028
1,0.79
0,0.08
0,0.166
0,0.148
1,0.804
0,0.026
0,0.10360928381962864
0,0.152
0,0.042
1,0.968
0,0.06
0,0.028
1,0.884
0,0.318
1,0.93
1,0.918
0,0.112
0,0.124
1,0.704
0,0.116
0,0.046
0,0.028
0,0.066
0,0.036
0,0.068
0,0.216
0,0.068
0,0.022
0,0.022
1,0.846
1,0.79
0,0.062
0,0.054
0,0.048
0,0.054
0,0.036
0,0.008
0,0.036
0,0.01
0,0.032
0,0.002
0,0.008
0,0.002
0,0.05
0,0.012
1,0.692
0,0.016
0,0.012
0,0.042
0,0.072
0,0.032
0,0.042
0,0.002
0,0.068
0,0.012
0,0.016
0,0.025014633330546033
0,0.16
0,0.036
0,0.012
0,0.012
0,0.072
1,0.666
0,0.092
0,0.036
0,0.012
0,0.152
0,0.104
0,0.006
0,0.004
0,0.008
0,0.012
0,0.002
0,0.004
0,0.008
0,0.01
0,0.028
0,0.008
0,0.008
0,0.014
0,0.06
0,0.036
0,0.0
1,0.672
0,0.08
0,0.06
0,0.086
0,0.122
0,0.07
1,0.866
1,0.946
1,0.946
1,0.904
0,0.062
0,0.036
0,0.056
0,0.096
0,0.132
0,0.314
1,0.912
1,0.996
1,0.998
1,0.996
0,0.004
0,0.04
0,0.078
0,0.214
1,0.6817213789189955
0,0.134
0,0.068
1,0.972
1,0.97
1,0.946
1,0.96
1,0.952
1,0.96
1,0.978
1,0.958
1,0.962
1,0.958
1,0.916
0,0.008
0,0.016
0,0.028
0,0.014
0,0.008
0,0.008
0,0.018
0,0.004
0,0.018
0,0.004
0,0.016
0,0.04
0,0.008
0,0.072
0,0.012
0,0.004
0,0.152
0,0.14
0,0.032
1,0.874
0,0.106
0,0.078
1,0.778
0,0.086
1,0.778
1,0.818
0,0.112
1,0.77
0,0.114
1,0.946
1,0.84
0,0.034
0,0.148
1,0.934
1,0.898
0,0.236
1,0.928
1,0.922
1,0.854
1,0.81
0,0.01
0,0.024
0,0.118
0,0.112
0,0.204
1,0.996
0,0.12
0,0.07
0,0.066
0,0.142
0,0.046
0,0.05
0,0.032
1,0.898
1,0.922
1,0.902
0,0.052
0,0.056
0,0.056
0,0.046
1,0.754
0,0.092
0,0.084
0,0.052
0,0.07
0,0.044
0,0.094
0,0.074
0,0.084
0,0.078
1,0.82
1,0.878
0,0.028
0,0.102
0,0.022
0,0.022
0,0.022
0,0.17
1,0.878
0,0.028
0,0.046
1,0.89
1,0.728
1,0.802
0,0.154
0,0.2
1,0.864
1,0.8
0,0.146
0,0.116
0,0.06
0,0.176
0,0.098
1,0.918
0,0.106
0,0.12
0,0.18
0,0.038
1,0.808
1,0.968
0,0.126
0,0.08
0,0.174
0,0.092
1,0.95
1,0.976
1,0.978
1,0.816
1,0.808
0,0.232
1,0.78
1,0.96
0,0.154
0,0.044
0,0.064
1,0.748
0,0.098
0,0.09567471775195295
0,0.07
1,0.804
0,0.206
0,0.014
0,0.082
0,0.15
0,0.092
0,0.038
0,0.09
0,0.10934627759902364
1,0.92
0,0.124
0,0.05951089528078696
0,0.07
1,0.738
0,0.098
0,0.092
1,0.896
1,0.91
1,0.944
1,0.836
1,0.848
1,0.91
1,0.944
1,0.964
1,0.946
1,0.966
1,0.994
1,0.994
0,0.16
0,0.074
0,0.154
1,0.762
1,0.822
1,0.766
1,0.674
0,0.1
0,0.072
0,0.07
0,0.039346277599023635
1,0.82
0,0.018857172879810584
0,0.118
0,0.096
0,0.088
1,0.856
0,0.042
0,0.062
0,0.006
0,0.068
0,0.048
0,0.192
0,0.096
1,0.798
0,0.018
0,0.09
1,0.874
0,0.086
0,0.102
1,0.722
0,0.036
0,0.054
1,0.678
0,0.164
0,0.072
0,0.108
1,0.956
0,0.08
0,0.034
0,0.042
0,0.23
1,0.828
1,0.796
1,0.872
0,0.058
0,0.064
0,0.15
0,0.118
0,0.09
0,0.008
1,0.99
0,0.196
1,0.93
0,0.12
0,0.096
1,0.916
1,0.912
1,0.82
0,0.082
1,0.804
1,0.882
0,0.008
0,0.108
0,0.06
0,0.058
0,0.024
0,0.022
0,0.068
0,0.036
0,0.024
0,0.018
0,0.03
0,0.042
0,0.168
0,0.142
0,0.16301463333054603
1,0.79
0,0.118
1,0.94
1,0.96
1,0.948
1,0.93
1,0.922
0,0.192
0,0.086
0,0.07
0,0.138
0,0.128
0,0.086
0,0.142
0,0.166
1,0.828
1,0.778
1,0.788
0,0.228
1,0.78
0,0.078
1,0.67
1,0.764
0,0.036
0,0.028
0,0.028
0,0.142
0,0.098
0,0.174
0,0.17
0,0.106
0,0.076
0,0.128
0,0.17
0,0.052
0,0.05
0,0.11
0,0.138
1,0.844
0,0.02681408923180141
0,0.048
0,0.06
0,0.022
0,0.168
1,0.742
0,0.14
0,0.136
0,0.168
0,0.07
0,0.114
0,0.036
0,0.06701463333054604
0,0.116
1,0.87
0,0.012
0,0.012
1,0.798
1,0.88
0,0.132
0,0.066
0,0.21
0,0.108
0,0.078
0,0.064
1,0.838
0,0.01
0,0.024
0,0.066
1,0.91
1,0.982
0,0.046
0,0.062
1,0.86
0,0.178
1,0.842
0,0.238
0,0.042
0,0.046
0,0.136
0,0.08
0,0.108
0,0.128
0,0.118
0,0.016
0,0.016
0,0.024
0,0.004
0,0.024
0,0.004
0,0.018
0,0.056
0,0.018
0,0.064
0,0.122
0,0.04334627759902364
1,0.89
1,0.89
0,0.118
1,0.746
1,0.832
0,0.07
0,0.106
0,0.102
0,0.09
1,0.988
0,0.072
0,0.202
1,0.844
0,0.168
0,0.09134627759902364
0,0.188
1,0.818
0,0.036
0,0.018
1,0.75
0,0.04
0,0.072
0,0.08134627759902363
0,0.078
1,0.852
0,0.13
0,0.038
0,0.022
0,0.015609283819628648
0,0.12
0,0.03
0,0.07301463333054603
0,0.04
0,0.226
0,0.116
0,0.058
1,0.794
0,0.058
1,0.902
0,0.096
1,0.808
0,0.042
0,0.08901463333054603
0,0.118
0,0.09160928381962864
0,0.078
0,0.036
0,0.06
0,0.072
1,0.786
0,0.05
0,0.052
1,0.822
0,0.19782296205041916
0,0.03951089528078695
1,0.972
0,0.138
0,0.015346277599023633
1,0.746
1,0.838
1,0.86
0,0.148
0,0.114
0,0.114
0,0.128
0,0.128
0,0.084
0,0.124
0,0.026
0,0.012
0,0.012
0,0.144
0,0.18
0,0.01
1,0.898
1,0.898
0,0.166
0,0.08551089528078695
1,0.92
0,0.114
1,0.896
0,0.172
0,0.06
0,0.006
0,0.246
1,0.852
0,0.056
1,0.916
1,0.892
0,0.078
1,0.716
0,0.192
1,0.85
0,0.18
0,0.18501463333054602
0,0.218
0,0.25
0,0.074
0,0.088
0,0.19
1,0.86
0,0.11360928381962865
1,0.884
0,0.03
1,0.864
1,0.992
1,0.984
1,0.992
1,0.982
1,0.994
1,0.982
1,0.984
1,0.77
0,0.07
0,0.062
0,0.102
0,0.126
0,0.05
0,0.066
1,0.804
0,0.108
0,0.092
0,0.134
1,0.826
0,0.058
0,0.014
0,0.014
0,0.026
0,0.038
0,0.132
0,0.106
0,0.136
0,0.114
0,0.066
0,0.072
0,0.142
1,0.866
0,0.09
1,0.8
1,0.7313462775990236
1,0.714
0,0.006
0,0.012
0,0.03
0,0.112
1,0.974
1,0.916
1,0.982
1,0.94
0,0.146
1,0.702
1,0.804
0,0.016
0,0.012
1,0.756
0,0.082
0,0.046
0,0.07
0,0.064
0,0.208
1,0.852
1,0.824
0,0.13
1,0.926
1,0.92
1,0.846
0,0.11934627759902364
1,0.846
0,0.056
0,0.06
0,0.044
0,0.128
0,0.06
1,0.78
0,0.238
0,0.116
1,0.878
1,0.806
0,0.188
0,0.112
1,0.882
0,0.146
0,0.032
0,0.078
0,0.072
0,0.052
0,0.09
0,0.044
1,0.924
0,0.126
0,0.04
0,0.04
0,0.084
0,0.03
0,0.03
1,0.976
0,0.118
1,0.912
0,0.248
1,0.856
1,0.812
0,0.198
0,0.01
0,0.11
1,0.926
0,0.146
0,0.126
1,0.728
1,0.826
1,0.8
0,0.174
0,0.098
1,0.858
1,0.776
1,0.856
1,0.722
0,0.076
1,0.786
0,0.126
1,0.792
0,0.162
1,0.868
1,0.898
0,0.05490336509827278
0,0.148
0,0.058
0,0.06
1,0.812
1,0.858
1,0.814
1,0.946
1,0.898
0,0.148
1,0.792
0,0.056
0,0.136
1,0.696
0,0.048
1,0.922
0,0.104
0,0.05
0,0.062
0,0.112
0,0.106
0,0.064
0,0.14
1,0.922
0,0.12
0,0.106
0,0.006
0,0.006
0,0.038
1,0.752
0,0.118
1,0.846
0,0.088
0,0.06
1,0.746
0,0.048
0,0.048
0,0.244
0,0.112
1,0.752
0,0.076
1,0.814
0,0.112
0,0.134
0,0.102
0,0.036
1,0.932
0,0.052
0,0.052
1,0.85
0,0.148
0,0.16
1,0.99
1,0.988
1,0.972
1,0.996
1,0.964
1,0.982
0,0.09
0,0.164
0,0.142
0,0.102
0,0.108
0,0.078
0,0.1
1,0.764
1,0.752
0,0.168
1,0.882
1,0.88
0,0.058
0,0.078
0,0.102
1,0.896
1,0.706
0,0.094
1,0.874
0,0.282
1,0.918
0,0.084
0,0.1
0,0.008
0,0.022
0,0.026
0,0.01
0,0.112
0,0.038
1,0.804
1,0.88
1,0.738
0,0.04
0,0.044
0,0.064
0,0.031609283819628645
0,0.031609283819628645
0,0.10760928381962864
0,0.07
0,0.126
1,0.856
1,0.808
1,0.766
0,0.066
1,0.97
1,0.752
0,0.07797019474919831
0,0.186
0,0.176
1,0.794
0,0.084
0,0.068
0,0.052
0,0.092
0,0.074
0,0.166
0,0.052
0,0.136
0,0.128
0,0.108
1,0.74
0,0.074
1,0.792
0,0.144
1,0.83
0,0.076
0,0.166
0,0.174
1,0.764
1,0.712
0,0.092
0,0.06
0,0.08
0,0.1
1,0.718
0,0.162
1,0.736
0,0.16
1,0.828
1,0.824
0,0.028
1,0.844
0,0.094
1,0.812
0,0.032
1,0.878
1,0.972
1,0.98
1,0.774
0,0.066
1,0.8011571619301926
0,0.024
1,0.766
0,0.174
0,0.104
1,0.764
1,0.74
0,0.08534627759902363
1,0.79
0,0.048
1,0.9
1,0.72
1,0.826
0,0.228
1,0.792
0,0.114
0,0.108
0,0.136
1,0.922
1,0.906
0,0.024
0,0.01
0,0.046
0,0.036
0,0.046
0,0.042
0,0.038
0,0.032
0,0.04
0,0.018
0,0.02
0,0.016
0,0.048
0,0.026
1,0.88
1,0.83
0,0.184
0,0.094
1,0.868
0,0.154
0,0.034
1,0.774
1,0.81
0,0.188
0,0.092
0,0.034
0,0.026
0,0.034
0,0.038
0,0.262
0,0.012
0,0.012
0,0.012
0,0.012
0,0.032
0,0.022
0,0.154
0,0.036
0,0.048
0,0.014
0,0.034
0,0.03
0,0.038
0,0.04
0,0.024
0,0.024
0,0.06
0,0.044
0,0.02
0,0.03
0,0.052
0,0.064
0,0.05
0,0.058
0,0.054
0,0.06
0,0.02
0,0.028
0,0.038
0,0.078
0,0.06
0,0.104
0,0.102
0,0.088
0,0.044
0,0.106
0,0.068
0,0.17
0,0.128
1,0.782
0,0.082
0,0.088
0,0.084
0,0.046
0,0.026
0,0.028
0,0.052
0,0.074
0,0.11
1,0.812
0,0.148
1,0.768
1,0.962
1,0.962
1,0.988
1,0.986
1,0.968
1,0.984
1,0.982
1,0.846
1,0.872
1,0.866
1,0.7776092838196287
0,0.15
1,0.826
1,0.788
1,0.852
1,0.82
1,0.822
1,0.928
0,0.042
0,0.134
1,0.842
1,0.72
0,0.048
0,0.13
0,0.128
1,0.764
1,0.866
1,0.852
1,0.964
1,0.758
0,0.126
0,0.064
0,0.112
0,0.004
0,0.004
0,0.01
0,0.020679737829813454
0,0.002
0,0.039346277599023635
0,0.008
0,0.014
0,0.056
0,0.014
1,0.8876092838196287
1,0.972
1,0.958
0,0.084
1,0.808
0,0.206
1,0.742
0,0.054
0,0.106
1,0.844
1,0.778
0,0.136
0,0.124
0,0.138
1,0.818
1,0.77
1,0.726
1,0.762
1,0.832
0,0.118
1,0.798
1,0.836
0,0.104
0,0.074
0,0.094
1,0.8873462775990236
1,0.816
0,0.092
0,0.116
1,0.764
0,0.134
1,0.912
1,0.724
0,0.016
0,0.006
0,0.024
1,0.968
0,0.144
1,0.774
1,0.884
1,0.852
1,0.656
1,0.852
0,0.192
0,0.028
0,0.04
0,0.028
0,0.006
0,0.116
0,0.07869255519804727
1,0.812
1,0.83
0,0.066
0,0.056
1,0.8233462775990237
0,0.05
0,0.048
0,0.054
0,0.04
0,0.06
0,0.058
0,0.098
0,0.2
0,0.024
0,0.034
0,0.01
0,0.04
0,0.03
0,0.028
0,0.026
0,0.012
0,0.018
0,0.032
0,0.006
0,0.018
0,0.036
0,0.032
0,0.01
0,0.01
0,0.01
0,0.052
0,0.084
0,0.076
0,0.098
0,0.098
0,0.078
0,0.096
0,0.124
0,0.108
1,0.742
0,0.046
0,0.026
0,0.046
0,0.026
0,0.02
0,0.02
0,0.048
1,0.88
0,0.056
1,0.842
1,0.772
0,0.076
0,0.102
1,0.732
0,0.176
1,0.82
1,0.67
1,0.842
0,0.094
0,0.042
1,0.732
1,0.802
1,0.828
1,0.776
0,0.166
0,0.094
0,0.11
1,0.924
0,0.173014633330546
0,0.4141119160591867
1,0.4141119160591867
0,0.4141119160591867
0,0.08509239882210834
1,0.83
0,0.056
0,0.18
0,0.128
0,0.06134627759902363
0,0.09
0,0.168
0,0.134
1,0.728
1,0.852
0,0.0317213789189956
0,0.0317213789189956
1,0.962
0,0.356
1,0.954
1,0.982
1,0.958
1,0.964
1,0.984
1,0.982
1,0.984
1,0.982
1,0.986
1,0.998
1,0.998
1,0.978
1,0.984
1,0.976
1,0.99
1,0.988
1,0.966
1,0.954
1,0.996
1,0.988
1,0.898
0,0.03
0,0.128
0,0.206
0,0.018
0,0.088
0,0.028
0,0.048
0,0.072
0,0.052
0,0.072
0,0.04
0,0.13
0,0.034
0,0.022
0,0.134
0,0.082
0,0.078
0,0.082
0,0.06578107908036732
0,0.238
0,0.072
0,0.274
0,0.07
0,0.124
1,0.838
0,0.052
0,0.017346277599023633
1,0.882
1,0.842
0,0.126
0,0.048
1,0.754
1,0.928
1,0.938
1,0.828
1,0.862
0,0.094
0,0.038
0,0.05
0,0.038
1,0.852
1,0.794
0,0.092
0,0.026
0,0.026
0,0.022
0,0.022
0,0.076
0,0.112
0,0.04
0,0.064
1,0.708
0,0.066
0,0.132
0,0.142
0,0.05
1,0.7833462775990236
0,0.108
1,0.816
0,0.152
0,0.13
0,0.06
0,0.126
0,0.148
1,0.78
1,0.834
1,0.794
1,0.98
0,0.108
1,0.814
1,0.864
1,0.88
0,0.05
0,0.032
0,0.056
0,0.096
0,0.05960928381962864
0,0.054
0,0.242
0,0.08
0,0.06
1,0.87
0,0.244
0,0.068
0,0.072
1,0.7633462775990235
0,0.13
0,0.06
0,0.04
1,0.688
0,0.04334627759902364
1,0.882
0,0.12
0,0.052
0,0.074
0,0.038
0,0.17
0,0.06
1,0.824
1,0.816
0,0.254
0,0.024
1,0.872
0,0.132
0,0.058
0,0.066
1,0.916
1,0.84
0,0.044
0,0.104
0,0.1
1,0.718
0,0.078
0,0.036
0,0.07
0,0.066
0,0.064
0,0.054
0,0.038
0,0.118
0,0.03
1,0.846
1,0.97
0,0.174
0,0.088
0,0.094
0,0.166
0,0.082
0,0.16
1,0.714
1,0.804
1,0.976
1,0.776
0,0.088
0,0.052
0,0.128
1,0.876
0,0.17
0,0.178
0,0.038
0,0.068
0,0.098
0,0.136
0,0.164
1,0.784
1,0.942
1,0.928
0,0.098
0,0.2
0,0.062
0,0.11
0,0.068
0,0.066
0,0.062
1,0.708
0,0.1
1,0.954
0,0.116
1,0.708
0,0.078
0,0.045346277599023634
1,0.742
1,0.934
1,0.846
0,0.112
1,0.81
1,0.782
0,0.084
0,0.006
0,0.054
0,0.036
1,0.848
0,0.08
1,0.792
0,0.042
0,0.086
0,0.076
0,0.066
1,0.88
1,0.812
0,0.144
0,0.126
0,0.116
0,0.082
0,0.002
0,0.0
0,0.006
0,0.016
0,0.008
0,0.008
0,0.004
0,0.004
0,0.002
0,0.014736012249541635
0,0.1
0,0.104
0,0.096
1,0.938
1,0.964
0,0.008
0,0.008
0,0.028
1,0.824
1,0.724
1,0.772
0,0.164
1,0.852
0,0.042
0,0.016
0,0.044
0,0.258
1,0.74
1,0.948
1,0.944
1,0.924
1,0.944
0,0.092
1,0.868
1,0.726
0,0.084
0,0.094
0,0.09734627759902363
1,0.912
0,0.114
0,0.002
0,0.036
0,0.002
0,0.002
0,0.014
1,0.914
1,0.95
1,0.936
1,0.92
1,0.778
0,0.192
0,0.058
0,0.14
0,0.106
0,0.046
1,0.802
1,0.7950146333305461
1,0.7477071885285932
0,0.104
0,0.106
0,0.044
1,0.82
0,0.084
1,0.788
0,0.128
0,0.08821778517641356
0,0.03
0,0.036
1,0.816
0,0.008
0,0.014
0,0.006
1,0.774
0,0.036
0,0.098
0,0.045346277599023634
0,0.032
1,0.778
0,0.174
0,0.04
0,0.048
0,0.148
0,0.224
1,0.976
1,0.976
1,0.976
0,0.15
1,0.756
0,0.106
1,0.81
1,0.784
0,0.022
0,0.0
0,0.04360928381962864
0,0.022
0,0.0
0,0.086
0,0.168
0,0.044
0,0.15
0,0.156
1,0.8453462775990236
1,0.854
0,0.082
1,0.904
0,0.18
1,0.764
0,0.142
1,0.97
0,0.26
1,0.66
1,0.96
1,0.982
1,0.958
1,0.968
1,0.85
1,0.848
1,0.836
1,0.692
0,0.16
0,0.154
1,0.74
0,0.196
0,0.058
0,0.072
1,0.838
0,0.108
0,0.08
0,0.142
0,0.136
0,0.05534627759902363
0,0.05534627759902363
0,0.066
0,0.118
1,0.814
0,0.12
0,0.094
0,0.224
0,0.114
0,0.036
0,0.10821778517641356
0,0.138
1,0.806
0,0.038
0,0.082
0,0.138
1,0.856
1,0.678
1,0.78
0,0.09
1,0.882
0,0.15
0,0.046
0,0.182
0,0.102
0,0.064
0,0.09572137891899561
0,0.122
0,0.066
0,0.05
1,0.762
0,0.1
0,0.074
0,0.124
1,0.796
0,0.024
0,0.104
1,0.856
1,0.772
0,0.038
0,0.03701463333054603
0,0.132
0,0.098
1,0.828
1,0.81
0,0.042
0,0.114
0,0.216
1,0.99
0,0.182
0,0.108
0,0.16
1,0.832
0,0.202
1,0.834
0,0.11
1,0.848
0,0.132
0,0.168
0,0.11
0,0.008
0,0.012
0,0.03
0,0.022
0,0.02
0,0.024
1,0.754
1,0.742
0,0.128
0,0.128
0,0.084
0,0.154
0,0.146
0,0.114
0,0.09
0,0.14
0,0.148
0,0.082
1,0.96
1,0.712
0,0.032
0,0.032
0,0.028
0,0.028
0,0.048
0,0.18
0,0.094
1,0.782
1,0.722
0,0.042
1,0.98
0,0.14
1,0.986
0,0.082
0,0.056
0,0.036
0,0.024
0,0.124
1,0.754
1,0.89
1,0.87
1,0.856
0,0.096
0,0.064
0,0.12269255519804727
0,0.024
1,0.782
1,0.796
0,0.268
0,0.086
0,0.084
1,0.786
1,0.722
0,0.098
0,0.052
1,0.98
1,0.97
1,0.988
1,0.984
1,0.852
1,0.906
1,0.894
1,0.816
0,0.128
1,0.966
1,0.978
1,0.97
1,0.982
1,0.968
1,0.944
0,0.16
0,0.16
1,0.996
1,0.99
1,0.998
0,0.12
0,0.074
0,0.298
1,0.904
0,0.05
0,0.092
0,0.036
0,0.068
0,0.106
0,0.072
0,0.066
0,0.034
1,0.8977213789189956
0,0.124
0,0.188
0,0.154
0,0.112
0,0.104
0,0.042
0,0.068
0,0.076
0,0.08360928381962865
1,0.79
0,0.12
1,0.714
0,0.042
0,0.054
0,0.06760928381962865
0,0.061609283819628644
0,0.1
0,0.102
0,0.078
1,0.9
0,0.034
0,0.094
0,0.18
0,0.136
1,0.874
1,0.844
1,0.718
1,0.798
0,0.096
0,0.122
0,0.138
0,0.122
1,0.748
1,0.772
0,0.268
0,0.056
1,0.906
0,0.11
0,0.022
1,0.742
0,0.132
0,0.166
0,0.152
1,0.7773462775990236
1,0.824
1,0.822
0,0.104
0,0.044
0,0.034
1,0.81
1,0.884
1,0.928
0,0.08
0,0.028
0,0.058
1,0.724
1,0.702
1,0.74
1,0.806
1,0.87
1,0.842
1,0.794
1,0.7928140892318014
0,0.186
1,0.932
1,0.95
1,0.948
0,0.29
1,0.936
1,0.984
1,0.966
0,0.09
0,0.202
1,0.754
1,0.806
0,0.052
1,0.94
0,0.148
0,0.126
0,0.13
0,0.038
0,0.11
0,0.118
0,0.058
0,0.092
0,0.106
0,0.072
0,0.122
0,0.094
0,0.174
0,0.146
0,0.128
1,0.932
1,0.932
0,0.138
1,0.776
1,0.736
0,0.03
1,0.758
0,0.084
0,0.064
0,0.078
0,0.242
1,0.72
0,0.046
0,0.214
1,0.694
1,0.802
1,0.834
1,0.732
0,0.028
0,0.092
0,0.046
0,0.032
0,0.02
0,0.05
0,0.088
1,0.744
0,0.148
1,0.7556092838196287
0,0.028
1,0.726
0,0.02
0,0.045346277599023634
0,0.05
0,0.07360928381962864
1,0.784
0,0.164
0,0.124
1,0.874
0,0.174
1,0.864
0,0.1
0,0.092
1,0.908
0,0.096
1,0.796
0,0.168
0,0.076
0,0.112
0,0.144
1,0.79
0,0.028
0,0.06
0,0.034
1,0.84
0,0.044
1,0.898
0,0.128
1,0.824
1,0.744
1,0.916
1,0.932
0,0.0417071885285933
0,0.05
0,0.112
0,0.082
0,0.134
0,0.056
1,0.888
1,0.89
1,0.74
0,0.08151089528078695
0,0.076
1,0.852
0,0.08
0,0.122
0,0.272
1,0.828
0,0.196
1,0.856
0,0.18
1,0.744
0,0.13
0,0.072
1,0.996
1,0.992
0,0.01
0,0.058
0,0.01
0,0.024
0,0.128
1,0.98
1,0.978
0,0.053014633330546033
1,0.776
1,0.982
1,0.984
1,0.968
1,0.972
1,0.966
1,0.806
0,0.054
0,0.148
0,0.072
1,0.738
1,0.74
0,0.088
0,0.154
1,0.916
0,0.038
1,0.78
0,0.086
0,0.122
0,0.132
0,0.208
1,0.752
1,0.976
1,0.838
0,0.106
0,0.01
0,0.01
0,0.052
0,0.01
0,0.064
0,0.008
0,0.028
0,0.008
1,0.948
1,0.768
0,0.156
0,0.02
0,0.03
0,0.034
0,0.06
0,0.022
0,0.022
0,0.058
0,0.128
1,0.784
0,0.09
0,0.04436091092956966
1,0.8433462775990237
1,0.97
0,0.048
0,0.172
0,0.102
0,0.112
1,0.812
1,0.766
1,0.988
1,0.984
1,0.72
0,0.078
0,0.114
1,0.714
1,0.766
1,0.722
0,0.052
1,0.812
1,0.748
0,0.024
1,0.7596092838196287
0,0.088
0,0.236
1,0.888
1,0.818
1,0.786
0,0.01
1,0.852
0,0.064
1,0.85
0,0.114
0,0.086
1,0.78
1,0.966
0,0.012
0,0.012
0,0.038
0,0.042
0,0.084
0,0.02
1,0.748
1,0.83
0,0.044
1,0.754
1,0.854
0,0.158
0,0.212
1,0.892
1,0.842
0,0.05
1,0.858
0,0.276
1,0.774
0,0.028
1,0.812
1,0.724
0,0.16
1,0.868
1,0.86
0,0.022
1,0.784
0,0.175014633330546
0,0.184
0,0.096
0,0.058
0,0.126
0,0.018
0,0.134
0,0.022
0,0.024
0,0.094
0,0.062
0,0.058
0,0.022
1,0.7326797378298134
0,0.124
0,0.066
0,0.036
0,0.022
0,0.148
0,0.032
1,0.812
1,0.892
1,0.788
0,0.07
1,0.826
1,0.768
0,0.033721378918995605
1,0.674
0,0.13
1,0.914
1,0.752
1,0.806
0,0.05
0,0.01
0,0.078
1,0.794
0,0.128
0,0.038
0,0.086
0,0.042
0,0.332
0,0.04
0,0.13133066273862426
1,0.796
1,0.802
1,0.812
1,0.786
0,0.194
0,0.06
0,0.234
1,0.906
1,0.814
0,0.104
1,0.876
0,0.06334627759902363
1,0.786
1,0.796
0,0.144
0,0.136
1,0.914
0,0.146
0,0.176
0,0.092
0,0.076
0,0.066
0,0.162
1,0.9
0,0.178
1,0.794
0,0.05
0,0.082
0,0.06
0,0.042
0,0.004
0,0.004
0,0.004
0,0.024
1,0.89
1,0.854
1,0.896
1,0.91
0,0.13
0,0.222
0,0.172
1,0.91
0,0.024
1,0.782
0,0.162
1,0.776
1,0.816
1,0.818
0,0.108
1,0.798
0,0.2
0,0.146
0,0.158
0,0.042
0,0.056
1,0.682
1,0.688
1,0.982
1,0.97
1,0.982
1,0.96
0,0.088
1,0.86
0,0.114
0,0.062
0,0.018
0,0.014
0,0.166
1,0.866
0,0.008
0,0.008
1,0.894
1,0.912
1,0.892
0,0.032679737829813454
1,0.764
0,0.148
1,0.898
1,0.884
1,0.822
0,0.078
0,0.026
0,0.058
0,0.144
0,0.088
1,0.718
0,0.19
0,0.066
0,0.12
0,0.026
0,0.078
0,0.046
0,0.078
1,0.872
1,0.778
1,0.788
0,0.21
0,0.168
0,0.144
1,0.798
0,0.126
0,0.09301463333054603
0,0.09
0,0.06
1,0.928
1,0.904
1,0.9
0,0.036
1,0.778
1,0.746
1,0.762
0,0.07
1,0.83
0,0.098
0,0.102
1,0.89
0,0.186
0,0.068
0,0.076
0,0.118
1,0.762
0,0.11
1,0.924
0,0.176
1,0.732
0,0.118
0,0.136
0,0.038
0,0.038
0,0.07
1,0.81
0,0.06
0,0.06
0,0.062
1,0.724
1,0.798
1,0.94
0,0.062
0,0.052
0,0.11
1,0.694
0,0.206
0,0.032
0,0.034
0,0.052
0,0.038
0,0.044
0,0.112
0,0.044
0,0.014
1,0.762
0,0.102
1,0.772
0,0.14
0,0.15
0,0.07
0,0.18
0,0.078
0,0.156
1,0.868
1,0.744
0,0.21
1,0.918
1,0.83
0,0.05134627759902364
0,0.09160928381962864
0,0.106
0,0.096
0,0.046
0,0.054
0,0.072
0,0.041510895280786955
0,0.024
0,0.024
0,0.066
0,0.04960928381962865
1,0.786
0,0.164
1,0.91
1,0.924
1,0.92
1,0.926
1,0.958
1,0.794
1,0.712
0,0.06
0,0.1
1,0.964
0,0.286
1,0.81
0,0.016
0,0.04
0,0.034
0,0.034
0,0.012
0,0.08134627759902363
1,0.788
1,0.898
1,0.854
1,0.882
1,0.78
0,0.082
0,0.106
0,0.112
1,0.824
0,0.084
1,0.786
0,0.094
1,0.786
0,0.064
1,0.92
0,0.088
1,0.794
1,0.82
1,0.702
0,0.15
0,0.202
0,0.048
0,0.028
0,0.128
1,0.822
0,0.108
0,0.202
0,0.012
0,0.014
1,0.788
0,0.14
0,0.142
1,0.782
0,0.13
0,0.108
0,0.082
0,0.084
0,0.122
1,0.792
1,0.77
0,0.04095556141865228
0,0.04095556141865228
0,0.006
0,0.006
0,0.006
0,0.006
0,0.002
0,0.004
0,0.018
0,0.002
0,0.004
0,0.014
0,0.008
0,0.014
0,0.014
0,0.008
0,0.014
0,0.004
0,0.012
0,0.004
0,0.012
1,0.948
1,0.974
1,0.97
0,0.118
0,0.058
0,0.05
0,0.13
0,0.078
1,0.816
0,0.08
0,0.236
1,0.824
1,0.906
1,0.888
1,0.884
0,0.104
1,0.828
0,0.102
1,0.946
0,0.132
1,0.836
0,0.004
0,0.004
0,0.036
0,0.08
1,0.754
0,0.03
1,0.746
1,0.9
1,0.862
0,0.138
1,0.966
0,0.122
0,0.146
0,0.086
1,0.772
0,0.074
0,0.076
0,0.072
1,0.822
0,0.18
0,0.162
0,0.072
1,0.864
0,0.1
0,0.048
0,0.046
1,0.892
0,0.072
1,0.814
1,0.954
1,0.94
1,0.932
0,0.112
0,0.13
0,0.09
1,0.8636092838196286
1,0.854
0,0.146
0,0.066
0,0.098
0,0.09
0,0.096
1,0.814
1,0.828
1,0.75
0,0.11
0,0.064
0,0.112
0,0.004
0,0.004
1,0.928
1,0.856
1,0.874
0,0.11
1,0.794
0,0.086
0,0.058
0,0.132
0,0.034
0,0.148
0,0.198
1,0.756
1,0.73
1,0.766
0,0.016
1,0.738
0,0.032
0,0.074
0,0.076
0,0.03934627759902363
0,0.088
0,0.08
0,0.102
0,0.058
0,0.06
0,0.06
0,0.078
0,0.028
0,0.06
0,0.042
0,0.084
0,0.038
0,0.08
0,0.036
0,0.076
1,0.862
0,0.038
0,0.078
0,0.184
0,0.118
1,0.778
0,0.118
1,0.8
0,0.286
1,0.778
0,0.09534627759902364
0,0.142
0,0.08
0,0.084
1,0.7473462775990236
0,0.082
0,0.036
0,0.112
1,0.862
0,0.098
1,0.842
0,0.034
0,0.01
0,0.028
0,0.078
0,0.072
1,0.766
0,0.1
1,0.924
0,0.114
0,0.04
1,0.772
1,0.84
0,0.112
0,0.092
0,0.114
0,0.13
1,0.924
0,0.102
1,0.88
1,0.904
0,0.27
1,0.928
1,0.71
0,0.11
0,0.012
0,0.004
0,0.104
0,0.104
0,0.066
0,0.104
0,0.158
1,0.896
1,0.918
1,0.916
0,0.128
1,0.898
1,0.9666239171501747
1,0.9666239171501747
0,0.114
0,0.028
0,0.028
1,0.784
0,0.028
1,0.884
1,0.844
0,0.13
1,0.884
0,0.128
0,0.116
0,0.056
0,0.13301463333054603
1,0.91
0,0.128
0,0.028
0,0.126
0,0.092
1,0.904
1,0.924
1,0.916
1,0.944
1,0.932
1,0.898
1,0.848
1,0.9315108952807869
1,0.932
1,0.9295108952807869
1,0.932
1,0.93
1,0.968
1,0.982
1,0.936
1,0.948
1,0.796
1,0.888
0,0.062
0,0.18
0,0.106
0,0.046
0,0.106
0,0.092
0,0.066
0,0.01
0,0.02
0,0.04
0,0.025346277599023633
0,0.004
0,0.004
0,0.011120179100415599
1,0.766
0,0.024
0,0.024
1,0.6956092838196287
1,0.732
0,0.098
1,0.746
0,0.122
1,0.764
0,0.24
0,0.092
0,0.126
0,0.116
0,0.14
1,0.7916092838196287
0,0.19
1,0.934
0,0.194
0,0.047609283819628645
0,0.032
0,0.024
1,0.774
0,0.1
1,0.726
0,0.208
1,0.82
1,0.724
0,0.11
1,0.7336092838196286
0,0.074
1,0.818
0,0.054
1,0.962
1,0.956
1,0.958
0,0.012
0,0.014
1,0.892
0,0.112
0,0.102
0,0.062
0,0.056
1,0.898
0,0.086
0,0.13
1,0.876
0,0.084
1,0.846
1,0.874
0,0.132
0,0.068
0,0.068
0,0.078
0,0.044
0,0.082
0,0.062
1,0.836
0,0.03
1,0.832
0,0.082
0,0.144
1,0.714
0,0.038
0,0.114
1,0.922
1,0.984
1,0.986
1,0.976
1,0.988
0,0.172
1,0.7833462775990235
0,0.082
0,0.046
1,0.772
1,0.762
0,0.106
0,0.076
0,0.014
0,0.038
0,0.012
0,0.05901463333054603
0,0.026
0,0.032
0,0.038
0,0.03301463333054604
0,0.02
0,0.048
1,0.874
1,0.842
1,0.828
1,0.768
1,0.858
1,0.822
1,0.868
1,0.908
1,0.918
0,0.104
0,0.054
1,0.7726239171501746
1,0.788
0,0.098
1,0.81
0,0.054
0,0.088
0,0.04801433481000322
1,0.812
1,0.726
1,0.832
0,0.066
0,0.022
0,0.044
1,0.916
0,0.032
0,0.042
0,0.138
0,0.142
1,0.88
0,0.05
1,0.85
0,0.006
0,0.002
0,0.022
0,0.02
0,0.008
0,0.02
0,0.08
0,0.04
0,0.026
0,0.102
0,0.098
0,0.02
1,0.708
0,0.02
0,0.116
0,0.086
1,0.834
1,0.728
1,0.838
0,0.098
0,0.034
0,0.068
1,0.832
1,0.802
0,0.064
0,0.176
0,0.128
0,0.158
0,0.1
0,0.132
0,0.108
0,0.134
0,0.176
1,0.848
0,0.088
0,0.082
0,0.032
0,0.088
1,0.692
0,0.076
0,0.068
1,0.846
1,0.778
1,0.762
0,0.13
0,0.228
0,0.304
0,0.068
1,0.834
1,0.832
0,0.066
0,0.048
0,0.056
0,0.076
0,0.01
0,0.176
1,0.844
0,0.086
0,0.276
1,0.78
1,0.674
0,0.12560928381962863
0,0.03
1,0.802
1,0.798
0,0.248
0,0.328
0,0.054
1,0.78
0,0.13
0,0.282
0,0.164
1,0.942
1,0.952
0,0.33
0,0.242
0,0.25
0,0.024
0,0.068
0,0.114
0,0.114
0,0.148
0,0.082
0,0.072
0,0.102
0,0.108
0,0.104
0,0.11
0,0.09
0,0.104
1,0.826
0,0.096
0,0.126
1,0.656
1,0.8153462775990236
0,0.032
0,0.062
1,0.956
0,0.146
1,0.822
1,0.79
1,0.736
1,0.702
1,0.892
1,0.838
0,0.11
0,0.046
0,0.046
1,0.8
1,0.862
1,0.944
1,0.952
0,0.108
0,0.062
0,0.284
1,0.816
0,0.114
0,0.094
1,0.756
0,0.082
1,0.798
0,0.128
1,0.988
1,0.988
0,0.056
0,0.086
1,0.962
1,0.864
1,0.826
0,0.074
0,0.152
0,0.078
0,0.036
0,0.092
0,0.022
0,0.038
0,0.046
1,0.67
1,0.738
1,0.784
1,0.822
0,0.068
1,0.798
0,0.162
1,0.73
1,0.956
0,0.104
1,0.81
0,0.094
1,0.828
0,0.076
0,0.004
0,0.004
0,0.004
0,0.12
0,0.144
0,0.074
0,0.13360928381962864
0,0.048
0,0.216
1,0.712
0,0.22
1,0.782
1,0.868
1,0.846
0,0.104
0,0.144
0,0.134
0,0.044
1,0.83
0,0.106
1,0.772
0,0.168
0,0.04
0,0.046
0,0.032
0,0.032
1,0.728
0,0.002
0,0.088
1,0.832
0,0.04
1,0.894
1,0.87
1,0.826
1,0.804
1,0.774
1,0.778
0,0.036
1,0.912
1,0.862
0,0.112
1,0.842
0,0.084
0,0.052
0,0.09
0,0.092
0,0.056
0,0.084
0,0.084
0,0.1
0,0.118
0,0.04
0,0.12
0,0.116
1,0.912
1,0.966
0,0.146
1,0.72
0,0.176
1,0.852
0,0.015346277599023633
0,0.008
0,0.0
0,0.002
1,0.814
1,0.954
1,0.954
1,0.88
1,0.794
1,0.814
0,0.134
1,0.888
0,0.058
0,0.202
1,0.806
0,0.16
0,0.07
1,0.784
1,0.892
0,0.17
1,0.8376092838196286
1,0.708
0,0.014
0,0.04306765651801924
0,0.072
0,0.18
0,0.17
1,0.724
0,0.14
0,0.158
0,0.118
0,0.166
0,0.056
0,0.06
0,0.1
1,0.742
0,0.092
0,0.09
0,0.126
1,0.766
1,0.802
1,0.752
1,0.784
1,0.884
0,0.072
0,0.102
1,0.75
1,0.814
0,0.056
0,0.13760928381962864
1,0.698
0,0.178
0,0.04417179526073867
0,0.04481408923180141
1,0.7430146333305461
0,0.108
0,0.058
0,0.2238335636781309
0,0.018
0,0.112
0,0.048
0,0.048
0,0.042
0,0.148
1,0.782
1,0.874
1,0.874
0,0.04
0,0.07915716193019265
1,0.902
1,0.868
1,0.886
1,0.742
0,0.11
0,0.03
0,0.182
0,0.112
1,0.76
0,0.14
0,0.196
0,0.058
0,0.068
0,0.112
0,0.102
0,0.056
1,0.772
1,0.698
0,0.028
0,0.138
0,0.088
1,0.716
0,0.094
1,0.834
1,0.766
0,0.142
1,0.686
1,0.824
0,0.078
0,0.152
0,0.06
0,0.086
0,0.176
0,0.006
0,0.006
0,0.01
0,0.082
0,0.116
0,0.152
1,0.77
0,0.094
0,0.074
1,0.79
0,0.17
1,0.948
1,0.872
1,0.928
0,0.07
0,0.03
0,0.204
0,0.072
1,0.7753462775990235
0,0.1
1,0.856
1,0.878
0,0.018
1,0.726
1,0.79
1,0.892
1,0.86
0,0.04
0,0.036
0,0.054
0,0.03
0,0.032
0,0.042
0,0.072
1,0.986
1,0.986
0,0.222
0,0.208
0,0.18
0,0.092
0,0.096
0,0.172
1,0.776
0,0.072
0,0.064
0,0.1
0,0.104
1,0.876
1,0.846
1,0.998
1,0.87
1,0.874
1,0.926
0,0.03760928381962864
0,0.03760928381962864
1,0.942
1,0.942
1,0.924
1,0.936
0,0.062
1,0.774
1,0.934
1,0.806
1,0.806
0,0.12
1,0.934
1,0.732
0,0.086
0,0.04421778517641357
0,0.026
1,0.744
0,0.026
0,0.022
0,0.076
0,0.06
0,0.018
0,0.044
0,0.064
0,0.088
0,0.064
0,0.038
0,0.044
0,0.016
0,0.02
0,0.008
0,0.026
0,0.04
0,0.086
0,0.016
0,0.01
0,0.016
0,0.05
0,0.074
0,0.05
0,0.042
0,0.084
0,0.012
0,0.012
0,0.044
0,0.076
0,0.002
0,0.032
0,0.012
0,0.048
0,0.03
1,0.756
1,0.806
1,0.862
0,0.252
1,0.814
1,0.81
0,0.104
0,0.08560928381962864
0,0.034
0,0.118
1,0.7600984746258623
0,0.104
0,0.078
0,0.042
0,0.042
0,0.152
0,0.154
1,0.902
1,0.96
1,0.962
1,0.96
1,0.974
1,0.932
1,0.982
1,0.844
1,0.846
0,0.046
1,0.77
1,0.83
0,0.098
0,0.198
0,0.206
0,0.1
1,0.7
0,0.021346277599023633
0,0.015346277599023633
0,0.056
0,0.02
0,0.026
0,0.034
0,0.038
0,0.2
0,0.062
1,0.738
0,0.16
0,0.074
0,0.018
0,0.072
0,0.09
0,0.022
0,0.104
0,0.1
0,0.012
0,0.032
0,0.11
0,0.038
0,0.012
0,0.012
0,0.052
0,0.006
0,0.02
0,0.034
0,0.024
1,0.72
0,0.066
0,0.13
0,0.044
0,0.034
0,0.08
0,0.072
0,0.114
0,0.158
0,0.032
0,0.054
0,0.088
0,0.058
0,0.076
0,0.078
0,0.038
0,0.064
0,0.044
0,0.028
0,0.03
0,0.006
0,0.028
0,0.024
1,0.724
1,0.752
0,0.022
0,0.032
1,0.828
1,0.966
1,0.97
0,0.14
0,0.112
0,0.144
1,0.808
1,0.982
1,0.978
0,0.032
0,0.032
1,0.694
0,0.064
0,0.02
0,0.1
0,0.006
0,0.08
0,0.104
0,0.016
0,0.02551089528078695
0,0.022
0,0.016
0,0.054
0,0.002
1,0.708
0,0.012
0,0.038
0,0.008
0,0.0
0,0.01
0,0.068
0,0.07
0,0.138
0,0.004
0,0.028
0,0.054
0,0.002
0,0.0
1,0.7031571619301926
0,0.004
0,0.028
0,0.002
0,0.002
0,0.01
0,0.012
0,0.082
0,0.008
0,0.016
0,0.012
0,0.024
0,0.032
1,0.658
0,0.002
0,0.004
0,0.084
0,0.076
0,0.014
0,0.01
0,0.004
0,0.02
1,0.864
0,0.01
0,0.056
0,0.104
0,0.042
0,0.076
0,0.01
0,0.026
0,0.05
0,0.066
0,0.034
0,0.014
0,0.024
0,0.048
0,0.014
1,0.95
0,0.002
0,0.0
1,0.688
0,0.004
0,0.014
0,0.01
0,0.004
0,0.058
0,0.08
0,0.06
0,0.04
1,0.614
0,0.058
0,0.004
0,0.006
0,0.006
0,0.004
0,0.002
0,0.01
0,0.014
0,0.13
0,0.038
0,0.008
0,0.014
0,0.022
0,0.0
0,0.022
0,0.008
0,0.0
0,0.006
0,0.024
0,0.046
0,0.002
0,0.022
0,0.012
0,0.06
0,0.014
0,0.012
0,0.02
0,0.018
0,0.014
0,0.018
0,0.004
0,0.004
0,0.002
0,0.006
0,0.016
0,0.016
0,0.016
0,0.002
0,0.004
0,0.004
0,0.012
0,0.006
0,0.02
0,0.02
0,0.018
0,0.008
0,0.072
0,0.048
0,0.072
0,0.024
0,0.01
0,0.198
0,0.004
0,0.032
0,0.016
0,0.042
0,0.016
0,0.014
0,0.012
0,0.004
0,0.002
0,0.012
0,0.01
0,0.022
0,0.002
0,0.002
0,0.002
0,0.008
0,0.006
0,0.024
0,0.012
0,0.012
0,0.01
0,0.04
0,0.01
0,0.02
0,0.028
0,0.012
0,0.03
0,0.018
0,0.008
0,0.026
0,0.016
0,0.012
0,0.046
0,0.022
0,0.006
0,0.018
0,0.01
0,0.068
0,0.038
0,0.004
0,0.04
0,0.016
0,0.008
0,0.006
0,0.024
0,0.032
0,0.01
0,0.092
0,0.014
0,0.022
0,0.062
0,0.026
0,0.024
0,0.064
0,0.02
0,0.006
0,0.044
0,0.014
0,0.004
0,0.004
0,0.006
0,0.02
0,0.012
0,0.008
0,0.074
0,0.046
0,0.006
0,0.002
0,0.062
0,0.008
0,0.038
0,0.028
0,0.004
0,0.002
0,0.01
0,0.008
0,0.06
0,0.032
0,0.006
0,0.0
0,0.006
0,0.04
0,0.038
0,0.004
0,0.008
0,0.01
0,0.018
0,0.014
0,0.006
0,0.016
0,0.028
0,0.028
0,0.042
0,0.016
1,0.676
0,0.032
0,0.02
0,0.002
0,0.032
0,0.026
0,0.036
0,0.012
0,0.046
0,0.034
0,0.044
0,0.014
1,0.646
0,0.064
0,0.032
0,0.032
0,0.014
0,0.016
0,0.006
0,0.028
0,0.023014633330546035
0,0.032
0,0.018
0,0.024
0,0.016
0,0.026
0,0.004
0,0.06
0,0.102
0,0.006
0,0.072
0,0.08
1,0.746
0,0.006
0,0.012
0,0.01
0,0.062
0,0.01
0,0.106
0,0.022
0,0.012
0,0.01
0,0.012
0,0.0
0,0.018
0,0.02
0,0.038
0,0.02
1,0.618
0,0.006
0,0.004
0,0.0
1,0.69
0,0.006
0,0.0
0,0.01
0,0.014
0,0.006
0,0.02
0,0.098
0,0.024
0,0.004
0,0.021609283819628646
1,0.652
0,0.006
0,0.046
0,0.054
0,0.022
0,0.126
0,0.058
0,0.048
0,0.002
0,0.034
0,0.03
0,0.01
0,0.012
0,0.02
0,0.016
0,0.012
0,0.04160928381962865
0,0.039346277599023635
0,0.068
0,0.004
0,0.02
0,0.064
0,0.01
0,0.042
0,0.062
0,0.016
0,0.026
1,0.772
0,0.018
0,0.076
0,0.022
0,0.052
0,0.004
0,0.012
0,0.052
0,0.082
0,0.032
0,0.074
0,0.07
0,0.008
0,0.012
0,0.044
0,0.032
0,0.006
0,0.038
0,0.058
0,0.014
0,0.126
0,0.06
0,0.106
0,0.054
1,0.706
0,0.014
1,0.898
0,0.072
0,0.022
0,0.138
0,0.02
0,0.04
0,0.028
0,0.01
0,0.018
0,0.032
0,0.038
0,0.044
0,0.0
0,0.01
0,0.0
0,0.03
0,0.016
0,0.008
0,0.024
0,0.008
0,0.016
0,0.012
0,0.006
0,0.016
0,0.014
0,0.006
0,0.014
0,0.016
0,0.046
0,0.002
0,0.022
0,0.018
0,0.032
0,0.018
0,0.06
0,0.014
0,0.026
0,0.064
0,0.01
0,0.016
0,0.03
0,0.04
0,0.014
0,0.004
0,0.012
0,0.018
0,0.102
0,0.022
0,0.016
0,0.038
0,0.014
0,0.028
0,0.054
0,0.054
0,0.01
0,0.01
0,0.038
0,0.008
1,0.67
0,0.024
0,0.004
0,0.042
0,0.004
0,0.026
0,0.002
0,0.008
0,0.01
0,0.04
0,0.012
0,0.018
0,0.012
0,0.06
0,0.0
0,0.01
0,0.018
0,0.084
0,0.01
0,0.128
0,0.062
0,0.018
0,0.016
0,0.016
0,0.002
0,0.012
0,0.014
0,0.02
1,0.88
0,0.016
0,0.002
0,0.01
0,0.024
0,0.074
0,0.014
0,0.004
0,0.002
0,0.004
0,0.01
0,0.01
0,0.01
0,0.01
0,0.01
0,0.008
0,0.016
0,0.01
0,0.008
0,0.024
1,0.88
0,0.006
0,0.02
0,0.034
1,0.882
0,0.016
0,0.034
0,0.016
0,0.01
0,0.008
1,0.704
0,0.044
1,0.718
0,0.134
0,0.004
0,0.11
0,0.072
1,0.74
1,0.828
1,0.83
1,0.9
1,0.886
1,0.878
1,0.836
0,0.03
0,0.016
0,0.014
1,0.77
1,0.764
0,0.052
0,0.046
0,0.05
0,0.016
0,0.008
0,0.026
0,0.256
0,0.072
0,0.104
1,0.792
0,0.078
1,0.73
0,0.094
0,0.072
0,0.066
0,0.066
0,0.022
0,0.004
0,0.03
0,0.026
0,0.064
0,0.016
0,0.082
0,0.052
0,0.098
0,0.09
0,0.034
0,0.022
0,0.094
0,0.088
0,0.084
0,0.016
0,0.024
0,0.046
0,0.038
0,0.066
0,0.026
0,0.064
0,0.07
0,0.08
0,0.05934627759902364
0,0.092
0,0.014
0,0.016
0,0.034
0,0.004
0,0.034
0,0.022
0,0.01
0,0.024
0,0.054
0,0.008
0,0.028
0,0.018
0,0.094
0,0.094
0,0.09
0,0.014
0,0.054
0,0.012
0,0.058
0,0.084
0,0.036
0,0.013014633330546033
0,0.04
1,0.716
0,0.024
0,0.01
0,0.034
0,0.032
0,0.018
0,0.08
0,0.044
0,0.018
0,0.03
0,0.034
0,0.016
0,0.056
0,0.01
0,0.048
0,0.036
1,0.74
0,0.078
0,0.104
0,0.076
0,0.06
0,0.076
0,0.068
0,0.028
0,0.066
0,0.028
0,0.018
0,0.007157161930192638
0,0.01
0,0.128
0,0.026
0,0.03
0,0.046
0,0.074
0,0.01
0,0.026
0,0.068
0,0.052
0,0.07
1,0.822
0,0.032
0,0.024
0,0.062
0,0.044
0,0.108
0,0.022
0,0.042
0,0.072
0,0.012
0,0.022
0,0.012
0,0.018
0,0.06
0,0.14
0,0.01
0,0.144
0,0.012
0,0.042
0,0.014
0,0.094
0,0.086
0,0.06
0,0.046
0,0.038
0,0.04
0,0.118
0,0.016
0,0.04
0,0.134
0,0.128
0,0.018
0,0.024
0,0.072
0,0.008
0,0.068
0,0.024
0,0.02
0,0.036
0,0.002
0,0.034
0,0.02
0,0.036
0,0.018
0,0.028
0,0.098
0,0.014
0,0.05
0,0.062
0,0.05
0,0.134
0,0.068
0,0.018
0,0.016
0,0.014
0,0.05
0,0.074
0,0.07
0,0.034
0,0.088
0,0.098
0,0.008
0,0.08560928381962864
0,0.066
0,0.072
0,0.102
0,0.048
0,0.062
1,0.816
0,0.104
0,0.096
0,0.102
0,0.076
1,0.79
0,0.088
1,0.752
1,0.8156092838196287
1,0.766
0,0.098
1,0.774
0,0.124
0,0.124
0,0.062
0,0.094
0,0.042
0,0.054
0,0.096
0,0.1
0,0.046
0,0.028
0,0.014
1,0.722
0,0.072
0,0.056
0,0.082
0,0.062
0,0.056
0,0.06267973782981345
0,0.084
0,0.04
0,0.06
0,0.046
0,0.1
0,0.068
0,0.06
0,0.052
0,0.054
0,0.016
0,0.066
0,0.038
0,0.074
0,0.11
0,0.04
0,0.038
0,0.026
0,0.074
0,0.038
0,0.048
0,0.066
0,0.096
0,0.138
0,0.03
0,0.03
0,0.026
0,0.068
0,0.1
0,0.056
0,0.036
0,0.074
0,0.038
0,0.016
0,0.026
0,0.072
0,0.002
0,0.014
0,0.034
0,0.02
0,0.052
0,0.074
0,0.138
0,0.044
0,0.072
0,0.03
0,0.104
0,0.106
0,0.06
0,0.032
0,0.044
0,0.06
0,0.09
0,0.046
0,0.086
0,0.072
0,0.13
0,0.098
0,0.04
0,0.026
0,0.072
0,0.134
0,0.102
0,0.098
0,0.1
0,0.18
0,0.122
0,0.062
0,0.038
0,0.028
0,0.034
0,0.074
1,0.95
0,0.08
0,0.138
0,0.06
0,0.056
0,0.116
0,0.182
0,0.098
0,0.076
0,0.156
0,0.118
0,0.156
0,0.064
0,0.054
0,0.108
0,0.04
0,0.126
1,0.778
0,0.016
0,0.022
0,0.08
1,0.712
0,0.06
0,0.11
0,0.06
0,0.068
0,0.038
0,0.014
0,0.014
0,0.18
1,0.728
0,0.04
1,0.666
0,0.03
0,0.018
0,0.008
0,0.0
0,0.002
0,0.008
0,0.012
0,0.028
0,0.004
0,0.024
0,0.026
0,0.004
0,0.0
0,0.002
0,0.002
0,0.044
0,0.024
0,0.014
0,0.024
0,0.048
0,0.006
0,0.018
0,0.038
0,0.044
0,0.032
0,0.018
0,0.06
0,0.054
0,0.046
0,0.074
0,0.07
0,0.034
0,0.016
0,0.02
0,0.038
0,0.008
0,0.012
0,0.026
0,0.048
0,0.024
0,0.018
0,0.018
0,0.026
0,0.046
0,0.022
0,0.034
0,0.042
0,0.024
0,0.014
0,0.038
0,0.004
0,0.042
0,0.02
0,0.016
0,0.058
0,0.024
0,0.01
0,0.012
0,0.012
0,0.028
0,0.024
0,0.016
0,0.02
0,0.034
0,0.064
0,0.002
0,0.026
0,0.06
0,0.026
0,0.018
0,0.024
0,0.026
0,0.02
0,0.038
0,0.006
0,0.054
0,0.072
0,0.034
0,0.036
0,0.08
0,0.022
1,0.722
1,0.864
0,0.092
0,0.026
0,0.06
0,0.048
0,0.04334627759902363
0,0.022
0,0.05
1,0.774
0,0.09
0,0.088
0,0.09
0,0.05
0,0.06
0,0.096
0,0.034
0,0.002
0,0.03
0,0.022
0,0.004
0,0.014
0,0.012
0,0.006
0,0.016
0,0.032
0,0.01
0,0.186
0,0.088
0,0.172
0,0.07
1,0.926
1,0.904
0,0.15
1,0.906
0,0.042
0,0.062
0,0.102
1,0.786
0,0.088
0,0.06
0,0.106
0,0.174
1,0.734
1,0.886
1,0.86
0,0.106
1,0.794
1,0.8035108952807869
0,0.124
0,0.016
1,0.776
0,0.05
0,0.084
0,0.046
0,0.072
0,0.178
1,0.808
1,0.756
0,0.138
1,0.794
1,0.866
0,0.154
0,0.184
1,0.854
1,0.772
1,0.83
0,0.148
1,0.812
1,0.948
1,0.772
0,0.1
1,0.948
0,0.11
1,0.8
0,0.154
1,0.742
0,0.1
1,0.744
0,0.164
1,0.8216747177519529
0,0.062
0,0.118
0,0.018
1,0.77
1,0.834
0,0.11
1,0.722
1,0.824
1,0.842
1,0.808
1,0.752
0,0.094
1,0.846
0,0.098
0,0.192
0,0.04
1,0.94
1,0.944
1,0.838
1,0.974
0,0.094
0,0.016
0,0.016
0,0.098
0,0.146
1,0.738
0,0.102
1,0.862
0,0.158
0,0.138
0,0.178
0,0.092
0,0.176
1,0.726
0,0.0
0,0.078
0,0.096
1,0.876
1,0.978
1,0.978
1,0.8
1,0.846
1,0.924
1,0.818
0,0.146
1,0.778
0,0.088
1,0.776
1,0.892
1,0.926
1,0.858
1,0.88
1,0.944
0,0.188
0,0.062
0,0.062
0,0.142
0,0.118
0,0.054
0,0.044
1,0.976
1,0.994
1,0.996
1,0.994
1,0.996
1,0.992
1,0.996
0,0.008
0,0.02
0,0.012
0,0.039609283819628645
0,0.044
0,0.008
0,0.022
0,0.03
0,0.004
0,0.0
0,0.034
0,0.008
0,0.008
0,0.058
1,0.652
0,0.008
0,0.004
0,0.0
0,0.0
0,0.031609283819628645
0,0.04
0,0.008
1,0.988
1,0.98
1,0.994
1,0.968
0,0.082
0,0.064
0,0.082
1,0.756
0,0.036
0,0.076
0,0.222
1,0.91
1,0.82
0,0.042
0,0.112
1,0.8957071885285934
0,0.078
1,0.866
0,0.066
0,0.124
0,0.112
1,0.824
0,0.024
0,0.158
0,0.146
0,0.21
1,0.904
0,0.042
1,0.816
0,0.088
0,0.002
0,0.002
0,0.002
1,0.822
1,0.736
0,0.008
1,0.906
0,0.03934627759902363
0,0.106
0,0.012
0,0.086
0,0.012
0,0.02
0,0.122
0,0.074
0,0.156
1,0.774
0,0.094
1,0.864
0,0.178
0,0.134
1,0.696
0,0.08
0,0.096
0,0.034
0,0.106
0,0.046
0,0.158
0,0.17
0,0.094
0,0.186
0,0.068
0,0.07
1,0.772
1,0.998
1,0.998
1,0.982
1,0.992
1,0.976
1,0.992
0,0.19
1,0.92
1,0.912
1,0.912
0,0.104
0,0.028
0,0.044
0,0.176
0,0.09134627759902364
0,0.008
1,0.89
1,0.908
1,0.878
1,0.772
0,0.216
1,0.848
1,0.882
1,0.882
0,0.088
0,0.028
0,0.048
0,0.03734627759902363
0,0.023609283819628648
0,0.028
1,0.916
0,0.084
0,0.064
0,0.036
0,0.002
0,0.002
0,0.008
0,0.008
0,0.082
1,0.992
1,0.714
0,0.062
0,0.108
0,0.01
0,0.023014633330546035
0,0.11
0,0.20721400700350176
1,0.822
1,0.814
0,0.058
0,0.172
1,0.972
1,0.942
1,0.862
1,0.868
0,0.076
0,0.11
0,0.044
1,0.672
1,0.904
1,0.896
1,0.828
0,0.032
1,0.65
1,0.878
1,0.734
0,0.062
0,0.038
0,0.026
1,0.836
0,0.122
0,0.046
0,0.09
0,0.076
1,0.868
1,0.826
0,0.066
0,0.104
0,0.114
0,0.056
1,0.746
0,0.11
1,0.99
1,0.986
1,0.992
1,0.998
1,0.992
1,0.988
1,0.99
1,0.978
1,0.992
1,0.988
1,0.988
1,0.99
1,0.994
1,0.992
1,0.994
1,0.992
1,0.982
1,0.996
1,0.996
1,0.99
1,0.998
1,0.988
1,0.98
1,0.994
1,0.996
1,0.988
1,0.986
1,0.996
1,0.986
1,0.996
1,0.998
1,0.994
1,0.996
1,0.99
1,0.992
1,0.996
0,0.033609283819628646
0,0.038
0,0.034
0,0.046
0,0.048
1,0.762
1,0.81
1,0.918
1,0.918
1,0.71
1,0.856
1,0.724
1,0.776
0,0.018
1,0.85
0,0.128
0,0.158
0,0.102
1,0.9
1,0.912
0,0.074
0,0.088
0,0.136
0,0.0
0,0.012
0,0.024
0,0.016
0,0.0
0,0.056
0,0.008
0,0.007721378918995602
0,0.01
0,0.026
0,0.026
0,0.024
0,0.0
0,0.016
0,0.012
0,0.024
1,0.816
0,0.064
0,0.194
0,0.116
0,0.03554877083705614
0,0.15
0,0.048
1,0.826
0,0.106
1,0.766
0,0.146
0,0.104
0,0.046
1,0.894
1,0.82
1,0.748
0,0.058
1,0.84
1,0.854
1,0.94
1,0.932
1,0.978
1,0.8
1,0.84
0,0.272
1,0.798
1,0.832
0,0.132
0,0.078
0,0.18
1,0.708
0,0.192
0,0.086
1,0.846
0,0.098
1,0.804
1,0.642
0,0.064
0,0.07
0,0.044
0,0.042
0,0.012
1,0.698
0,0.04
0,0.068
0,0.042
1,0.68
0,0.032
0,0.046
0,0.058
1,0.71
0,0.086
0,0.13
0,0.026
0,0.032
0,0.028
0,0.03
0,0.02
0,0.014
0,0.034
0,0.026
0,0.032
0,0.05
0,0.05
0,0.016
0,0.056
0,0.126
0,0.052
1,0.826
1,0.826
1,0.912
1,0.794
1,0.81
0,0.056
0,0.12
0,0.098
0,0.031346277599023635
0,0.15
1,0.886
0,0.256
1,0.85
0,0.032
0,0.076
0,0.128
0,0.09
0,0.212
1,0.804
1,0.774
0,0.128
0,0.04
0,0.052
0,0.042
0,0.044
0,0.004
0,0.074
0,0.084
0,0.142
0,0.08
1,0.816
1,0.766
0,0.096
1,0.724
0,0.23
0,0.062
0,0.272
1,0.846
0,0.086
0,0.0832185676392573
0,0.138
1,0.832
1,0.836
0,0.088
1,0.818
0,0.148
1,0.98
1,0.926
1,0.948
1,0.962
1,0.962
1,0.93
0,0.074
0,0.034
0,0.016
1,0.888
1,0.776
0,0.022
0,0.154
1,0.93
0,0.016
0,0.016
1,0.8
0,0.102
0,0.002
0,0.002
0,0.002
0,0.041510895280786955
1,0.824
0,0.12
0,0.132
1,0.796
0,0.134
0,0.1
1,0.748
0,0.068
1,0.942
0,0.03
0,0.024
0,0.146
0,0.072
0,0.054
0,0.118
0,0.154
0,0.122
1,0.894
1,0.874
1,0.912
1,0.754
1,0.794
1,0.764
1,0.878
1,0.806
1,0.824
0,0.104
0,0.194
1,0.82
1,0.774
0,0.072
0,0.052
0,0.096
0,0.076
0,0.154
0,0.106
0,0.162
0,0.134
0,0.082
0,0.098
0,0.042
0,0.058
0,0.064
0,0.056
0,0.046
0,0.056
1,0.95
1,0.846
1,0.898
1,0.874
1,0.922
0,0.096
1,0.736
0,0.12
0,0.106
0,0.148
1,0.722
0,0.092
0,0.09
0,0.186
1,0.87
0,0.062
1,0.774
0,0.128
1,0.814
1,0.778
1,0.73
1,0.838
1,0.832
1,0.674
0,0.086
0,0.2
1,0.824
1,0.774
0,0.03
0,0.03
0,0.046
0,0.078
1,0.766
0,0.07
1,0.776
0,0.068
0,0.124
0,0.168
0,0.052
0,0.064
0,0.072
1,0.762
1,0.982
1,0.982
0,0.047346277599023635
1,0.774
0,0.05
1,0.844
0,0.11
1,0.956
0,0.072
1,0.874
1,0.714
0,0.062
0,0.09
0,0.094
0,0.138
0,0.078
0,0.076
1,0.834
1,0.852
0,0.022
0,0.122
1,0.756
1,0.75
1,0.856
1,0.858
1,0.864
0,0.142
1,0.712
0,0.186
0,0.21
0,0.058
1,0.7
0,0.066
0,0.138
0,0.062
0,0.114
1,0.816
1,0.834
0,0.11
0,0.066
1,0.652
1,0.926
0,0.032
1,0.764
1,0.74
1,0.746
0,0.006
0,0.048
0,0.006
0,0.142
0,0.006
1,0.988
0,0.12
0,0.096
0,0.092
0,0.118
1,0.736
1,0.85
0,0.112
1,0.742
1,0.792
0,0.136
0,0.162
0,0.076
0,0.152
0,0.056
1,0.822
1,0.88
0,0.026
0,0.212
0,0.11734627759902364
1,0.938
1,0.918
0,0.02
0,0.02
0,0.086
0,0.098
0,0.076
1,0.858
1,0.82
0,0.158
0,0.166
1,0.768
0,0.139014633330546
1,0.77
0,0.036
1,0.848
0,0.108
1,0.854
1,0.774
0,0.224
1,0.772
0,0.08
1,0.826
0,0.106
1,0.966
0,0.042
1,0.84
0,0.07
0,0.106
0,0.192
1,0.922
1,0.902
0,0.116
0,0.062
0,0.046
0,0.04
0,0.044
0,0.022
0,0.114
0,0.034
1,0.748
0,0.15
0,0.054
0,0.098
1,0.776
1,0.78
0,0.04
0,0.064
0,0.15
0,0.112
0,0.112
0,0.038
0,0.092
1,0.718
0,0.134
1,0.818
0,0.08
0,0.032
0,0.078
1,0.802
0,0.046
1,0.72
1,0.82
1,0.794
0,0.164
1,0.866
1,0.828
0,0.116
0,0.06
0,0.128
0,0.076
0,0.066
1,0.808
0,0.094
1,0.772
0,0.044
0,0.282
1,0.912
1,0.886
1,0.851014633330546
1,0.934
1,0.948
1,0.97
1,0.896
1,0.966
1,0.962
1,0.98
1,0.956
1,0.924
1,0.75
0,0.03751089528078695
0,0.208
1,0.852
1,0.8653462775990236
0,0.098
0,0.172
0,0.084
1,0.772
0,0.218
0,0.076
1,0.782
0,0.03
0,0.03
1,0.85
0,0.2
1,0.77
1,0.766
0,0.07
0,0.154
0,0.12
0,0.104
0,0.074
0,0.14
0,0.164
0,0.108
1,0.798
0,0.09
1,0.914
0,0.09
1,0.85
1,0.81
1,0.85
1,0.97
1,0.938
1,0.964
1,0.956
1,0.98
1,0.792
0,0.138
0,0.152
0,0.096
0,0.126
0,0.072
0,0.048
0,0.178
0,0.15
1,0.84
1,0.772
0,0.118
0,0.08
1,0.91
1,0.91
0,0.026
1,0.752
1,0.724
0,0.112
0,0.162
1,0.83
0,0.068
0,0.066
0,0.052
0,0.018
0,0.076
0,0.022
1,0.73
1,0.662
0,0.088
0,0.036
0,0.024
0,0.228
1,0.814
1,0.842
1,0.892
0,0.124
0,0.216
1,0.774
1,0.856
1,0.852
0,0.046
0,0.106
0,0.186
0,0.196
0,0.136
1,0.866
0,0.056
0,0.092
0,0.132
0,0.066
0,0.118
0,0.078
0,0.018
0,0.026
0,0.006
0,0.126
0,0.006
0,0.017609283819628646
1,0.952
1,0.916
1,0.8893462775990236
0,0.104
0,0.032
0,0.16
0,0.09
0,0.068
1,0.796
1,0.742
0,0.102
1,0.824
0,0.0588529220288723
1,0.998
1,0.998
1,0.922
0,0.1
0,0.238
0,0.078
1,0.868
1,0.866
0,0.078
0,0.122
1,0.854
1,0.872
0,0.004
0,0.11
0,0.076
0,0.076
1,0.722
1,0.742
0,0.216
0,0.054
0,0.054
0,0.154
0,0.04
0,0.08
0,0.06
0,0.162
0,0.076
1,0.992
1,0.988
1,0.964
1,0.992
1,0.992
1,0.974
0,0.104
1,0.79
1,0.844
1,0.93
1,0.804
1,0.866
1,0.944
1,0.914
1,0.872
1,0.924
0,0.096
0,0.062
0,0.218
0,0.11101463333054604
0,0.088
1,0.924
0,0.154
0,0.09
0,0.04734627759902363
0,0.12
0,0.124
0,0.022
0,0.032
0,0.02
0,0.036
1,0.626
0,0.052
1,0.806
0,0.108
1,0.826
1,0.89
0,0.162
1,0.852
1,0.854
1,0.854
1,0.922
0,0.124
0,0.06
0,0.254
0,0.136
1,0.832
1,0.78
1,0.792
0,0.046
1,0.868
0,0.06
0,0.12
0,0.14
1,0.758
1,0.818
0,0.02
0,0.028
0,0.036
1,0.816
0,0.02
1,0.778
1,0.804
0,0.056
0,0.06
0,0.104
0,0.042
0,0.062
1,0.88
0,0.056
0,0.064
1,0.882
1,0.852
0,0.026
1,0.746
1,0.794
1,0.826
0,0.074
1,0.858
0,0.196
0,0.058
0,0.126
0,0.15
0,0.276
0,0.038
0,0.038
1,0.782
0,0.066
0,0.05
0,0.16
0,0.002
0,0.018
0,0.026
0,0.012
0,0.034
0,0.116
0,0.1
1,0.836
0,0.046
1,0.794
0,0.038
1,0.716
1,0.794
1,0.908
1,0.914
1,0.9
0,0.05
1,0.738
0,0.142
1,0.762
1,0.96
0,0.154
0,0.13
0,0.076
0,0.062
1,0.844
0,0.254
1,0.854
1,0.92
1,0.964
1,0.856
0,0.204
0,0.182
0,0.116
1,0.862
0,0.032
1,0.918
0,0.124
1,0.85
0,0.058
0,0.034
1,0.81
1,0.99
1,0.976
1,0.968
1,0.978
1,0.994
1,0.99
1,0.94
1,0.992
0,0.132
0,0.21
0,0.012
0,0.012
0,0.15
0,0.016
1,0.774
1,0.792
0,0.072
0,0.072
1,0.792
0,0.064
0,0.122
0,0.124
1,0.958
1,0.94
0,0.342
1,0.856
1,0.722
0,0.118
0,0.102
0,0.13
0,0.078
1,0.766
1,0.792
0,0.006
0,0.134
0,0.062
0,0.038
0,0.046
0,0.044
0,0.058
0,0.038
1,0.758
0,0.034
0,0.078
0,0.07
0,0.112
0,0.036
0,0.032
1,0.97
0,0.082
1,0.912
1,0.9
1,0.83
0,0.152
1,0.782
0,0.058
1,0.906
0,0.06
0,0.17
1,0.998
1,0.992
1,0.998
1,0.994
1,0.99
1,0.9870146333305461
1,0.998
1,0.992
1,0.996
1,0.99
1,0.99
1,0.998
1,0.994
1,0.97
1,0.974
1,0.992
1,0.996
1,0.98
0,0.236
1,0.726
1,0.872
0,0.092
0,0.032
0,0.082
0,0.07934627759902364
0,0.038
0,0.086
0,0.092
0,0.048
0,0.048
0,0.152
0,0.076
0,0.016
0,0.07
0,0.138
0,0.106
0,0.086
0,0.16
0,0.272
0,0.044
0,0.08101463333054604
0,0.16
0,0.138
0,0.062
0,0.136
1,0.816
0,0.132
0,0.058
0,0.06
1,0.824
0,0.002
0,0.096
1,0.806
0,0.14
0,0.086
1,0.928
1,0.744
0,0.15560928381962863
0,0.11
0,0.044
0,0.008
0,0.056
0,0.088
0,0.17
0,0.018
0,0.088
0,0.098
0,0.024
0,0.128
0,0.014
0,0.014
0,0.012
0,0.034
0,0.004
0,0.01
1,0.6873462775990236
0,0.09
0,0.03
0,0.042
1,0.842
0,0.224
0,0.074
0,0.054
0,0.018
0,0.09
0,0.046
0,0.09
0,0.03
0,0.05
0,0.02
0,0.118
0,0.048
0,0.05
0,0.136
0,0.038
0,0.09
0,0.068
0,0.068
0,0.068
0,0.028
0,0.048
0,0.07
0,0.018
0,0.188
0,0.036
0,0.018
0,0.158
0,0.046
0,0.082
0,0.05734627759902363
0,0.05
1,0.826
1,0.846
0,0.094
0,0.022
0,0.006
0,0.01
0,0.118
0,0.004
0,0.028
0,0.04
0,0.2
0,0.062
1,0.736
0,0.034
0,0.056
0,0.034
0,0.114
0,0.022
0,0.054
0,0.034
0,0.042
1,0.984
0,0.162
0,0.138
1,0.876
1,0.8133462775990237
1,0.928
0,0.092
1,0.822
1,0.92
1,0.904
0,0.124
0,0.132
0,0.046
0,0.168
0,0.236
0,0.012
1,0.848
1,0.824
0,0.132
0,0.088
1,0.884
1,0.798
0,0.048
1,0.786
0,0.108
0,0.082
0,0.024
0,0.016
0,0.05
0,0.044
0,0.064
0,0.104
0,0.036
0,0.036
0,0.066
0,0.12
0,0.076
0,0.044
0,0.04
0,0.08
0,0.05
0,0.018
0,0.02
0,0.004
0,0.014
0,0.016
0,0.024
0,0.012
0,0.004
0,0.032
0,0.028
0,0.016
0,0.05134627759902364
0,0.046
0,0.042
0,0.028
0,0.038
0,0.052
0,0.018
0,0.026
1,0.7
0,0.048679737829813455
0,0.052
0,0.058
0,0.014
0,0.038
0,0.018
0,0.02
0,0.01
0,0.044
0,0.07
0,0.034
0,0.014
0,0.022
0,0.12
1,0.848
0,0.172
0,0.112
1,0.816
0,0.12
1,0.958
0,0.096
0,0.062
1,0.798
0,0.134
0,0.084
0,0.128
0,0.08
0,0.066
0,0.052
0,0.062
0,0.07
1,0.848
0,0.07
0,0.012
0,0.002
0,0.002
0,0.024
0,0.002
0,0.014
0,0.008
0,0.01
0,0.028
0,0.002
0,0.02
0,0.002
0,0.008
0,0.004
0,0.01
0,0.004
0,0.0
0,0.008
0,0.012
0,0.016
0,0.018
0,0.002
0,0.011510895280786951
0,0.054
0,0.152
0,0.096
0,0.098
1,0.836
1,0.834
0,0.046
0,0.064
1,0.836
0,0.07
0,0.07160928381962864
0,0.05
0,0.092
0,0.052
1,0.886
0,0.036
1,0.944
1,0.71
1,0.876
0,0.13
0,0.026
0,0.2513462775990236
0,0.104
0,0.086
1,0.886
1,0.876
0,0.086
0,0.224
0,0.024
0,0.11960928381962864
0,0.132
0,0.044
0,0.124
1,0.902
0,0.152
1,0.812
1,0.72
1,0.874
0,0.122
0,0.234
0,0.23
0,0.17
1,0.966
1,0.978
1,0.988
1,0.958
1,0.834
1,0.848
0,0.042
1,0.71
0,0.14
0,0.042
0,0.045346277599023634
0,0.052
0,0.068
0,0.178
0,0.082
0,0.15
1,0.858
0,0.08
0,0.002
0,0.002
1,0.988
1,0.762
0,0.114
1,0.858
0,0.056
1,0.796
0,0.134
1,0.954
1,0.954
0,0.052
0,0.05
0,0.164
0,0.224
0,0.02
0,0.026
0,0.044
0,0.04
0,0.026
0,0.102
0,0.13
0,0.07
0,0.05
0,0.15
0,0.094
0,0.206
0,0.06
0,0.056
1,0.804
0,0.048
0,0.06
0,0.072
0,0.032
0,0.02
0,0.024
0,0.024
1,0.854
0,0.002
0,0.058
0,0.002
0,0.002
0,0.074
0,0.156
0,0.03760928381962864
0,0.086
1,0.94
1,0.84
0,0.066
0,0.028
0,0.03
0,0.04
0,0.086
0,0.102
1,0.858
1,0.702
0,0.046
0,0.046
1,0.782
0,0.056
0,0.08
0,0.114
1,0.772
0,0.104
0,0.048
0,0.098
1,0.916
0,0.006
0,0.006
1,0.754
0,0.5882886848467994
1,0.5882886848467994
1,0.814
1,0.828
0,0.148
1,0.696
1,0.756
0,0.064
0,0.142
0,0.124
1,0.82
1,0.752
0,0.118
0,0.048
1,0.856
0,0.068
1,0.752
0,0.128
1,0.816
1,0.692
0,0.184
1,0.764
0,0.056
0,0.168
0,0.074
0,0.054
0,0.142
0,0.044
0,0.06
1,0.84
1,0.91
1,0.848
0,0.176
0,0.06
0,0.098
1,0.82
1,0.866
1,0.814
0,0.17
1,0.838
0,0.072
0,0.146
1,0.978
0,0.14
1,0.934
0,0.14534627759902363
0,0.102
1,0.938
0,0.168
0,0.11
0,0.106
0,0.182
1,0.802
0,0.16
1,0.788
0,0.002
0,0.002
0,0.002
0,0.002
0,0.14
1,0.712
0,0.04
0,0.034
1,0.674
0,0.148
1,0.806
1,0.926
1,0.74
1,0.914
0,0.116
0,0.076
0,0.128
1,0.826
0,0.106
0,0.13
0,0.032
0,0.018
0,0.068
1,0.906
0,0.072
1,0.706
0,0.11
0,0.136
0,0.076
0,0.148
0,0.166
0,0.031014633330546035
0,0.048
0,0.002
0,0.002
0,0.002
0,0.21
0,0.046
0,0.078
0,0.194
1,0.814
1,0.826
0,0.084
1,0.906
1,0.918
0,0.004
0,0.004
0,0.004
0,0.086
0,0.024
0,0.208
1,0.84
0,0.14
0,0.172
0,0.018
0,0.042
0,0.038
0,0.062
0,0.036
0,0.0
0,0.028
0,0.028
0,0.054
0,0.006
0,0.014
0,0.016
0,0.022
0,0.004
0,0.006
0,0.016
0,0.016
0,0.018
0,0.03
1,0.714
0,0.014
0,0.064
0,0.046
0,0.048
0,0.032
1,0.914
0,0.078
0,0.06
0,0.088
0,0.062
0,0.014
0,0.038
0,0.06
0,0.106
0,0.1
0,0.04
0,0.058
0,0.038
0,0.042
1,0.92
1,0.796
1,0.794
0,0.018
0,0.016
0,0.018
0,0.038
0,0.044
0,0.054
0,0.048
0,0.014
0,0.046
0,0.134
1,0.864
0,0.036
0,0.036
0,0.044
0,0.004
0,0.07
0,0.094
0,0.084
0,0.044
1,0.836
1,0.858
1,0.816
0,0.148
0,0.05
0,0.126
0,0.124
1,0.8
0,0.074
0,0.06
0,0.068
0,0.11
0,0.104
0,0.012
0,0.012
0,0.092
1,0.77
0,0.192
0,0.058026015428837084
1,0.88
1,0.83
0,0.116
0,0.112
1,0.838
0,0.138
1,0.864
0,0.074
0,0.034
0,0.096
0,0.108
1,0.884
1,0.95
1,0.928
1,0.936
1,0.976
1,0.976
1,0.94
0,0.098
0,0.146
0,0.122
1,0.896
1,0.806
0,0.078
1,0.85
1,0.726
0,0.18
1,0.7973462775990237
0,0.13
0,0.014
0,0.014
1,0.838
1,0.806
1,0.792
0,0.098
0,0.132
1,0.758
0,0.07
0,0.052
1,0.7486797378298135
0,0.032
0,0.082
0,0.124
0,0.208
1,0.772
0,0.084
1,0.766
0,0.134
1,0.902
1,0.79
0,0.074
1,0.784
1,0.872
1,0.806
0,0.056
0,0.078
0,0.094
0,0.166
1,0.964
1,0.984
0,0.1
0,0.086
0,0.052
1,0.774
1,0.97
0,0.04734627759902363
0,0.162
1,0.932
1,0.938
0,0.024
0,0.032
0,0.032
0,0.016
0,0.016
0,0.094
0,0.07367471775195296
1,0.8091571619301926
0,0.13
0,0.15
1,0.75
1,0.79
0,0.204
0,0.122
0,0.128
1,0.89
1,0.958
1,0.972
1,0.984
0,0.03701463333054603
0,0.116
0,0.1
1,0.958
1,0.95
1,0.98
1,0.944
0,0.088
1,0.842
1,0.748
0,0.14
0,0.144
0,0.0337213789189956
1,0.806
0,0.092
1,0.942
1,0.974
1,0.986
1,0.952
1,0.982
0,0.168
1,0.748
1,0.818
0,0.048
0,0.15
1,0.898
1,0.86
1,0.814
0,0.132
1,0.706
0,0.036
1,0.946
0,0.102
0,0.082
0,0.24
0,0.054
0,0.118
0,0.064
0,0.074
0,0.08
0,0.074
0,0.042
0,0.016
0,0.336
0,0.12
0,0.096
0,0.154
1,0.784
0,0.116
0,0.156
0,0.164
1,0.81
0,0.092
0,0.122
0,0.096
0,0.116
0,0.052
1,0.934
0,0.192
1,0.808
1,0.928
0,0.192
1,0.91
0,0.082
1,0.812
0,0.084
0,0.096
1,0.926
1,0.934
0,0.078
0,0.08
1,0.826
0,0.09360928381962864
0,0.076
1,0.958
0,0.084
0,0.092
0,0.062
0,0.114
0,0.124
1,0.85
1,0.848
0,0.004
0,0.046
0,0.108
0,0.114
0,0.14
0,0.072
0,0.016
1,0.902
0,0.104
1,0.834
0,0.082
0,0.102
0,0.074
0,0.07
0,0.084
0,0.116
0,0.038
0,0.06
0,0.076
1,0.816
1,0.856
0,0.088
0,0.144
0,0.06
1,0.846
1,0.82
0,0.088
1,0.726
0,0.182
1,0.728
0,0.014
0,0.076
0,0.16
1,0.77
0,0.088
0,0.164
0,0.122
0,0.066
0,0.032
1,0.782
1,0.99
0,0.05
0,0.206
0,0.05134627759902363
0,0.184
1,0.802
1,0.804
0,0.1
1,0.83
1,0.936
1,0.938
1,0.868
0,0.018
0,0.088
0,0.046
0,0.104
1,0.858
1,0.84
1,0.87
0,0.184
0,0.116
0,0.062
0,0.062
0,0.016
0,0.05402601542883709
0,0.14
0,0.056
0,0.13560928381962864
1,0.922
1,0.938
1,0.896
1,0.924
1,0.67
0,0.09
1,0.946
1,0.902
0,0.01
0,0.004
0,0.004
0,0.046
0,0.012
1,0.636
0,0.112
1,0.99
1,0.978
1,0.99
1,0.99
0,0.09050343952921626
0,0.03715716193019264
0,0.03715716193019264
0,0.162
1,0.686
0,0.062
1,0.738
1,0.792
0,0.072
1,0.848
0,0.048
0,0.152
0,0.042692555198047266
0,0.22
1,0.774
0,0.042
0,0.152
0,0.114
1,0.79
1,0.892
1,0.904
0,0.078
1,0.938
1,0.938
0,0.078
1,0.774
0,0.064
0,0.066
0,0.026
0,0.13760928381962864
1,0.802
0,0.214
0,0.0
1,0.744
0,0.094
0,0.07458344953599076
0,0.066
0,0.058
0,0.096
0,0.062
1,0.886
1,0.782
0,0.112
0,0.09501463333054604
0,0.184
0,0.018
0,0.018
0,0.144
1,0.722
1,0.778
0,0.166
1,0.98
0,0.030814089231801407
0,0.048
0,0.19
1,0.988
1,0.992
0,0.124
0,0.156
0,0.072
0,0.22
1,0.702
0,0.022
0,0.004
0,0.118
0,0.058
0,0.004
0,0.07
0,0.082
0,0.274
0,0.1
0,0.066
0,0.034
0,0.052
0,0.05
0,0.094
1,0.778
1,0.73
0,0.12360928381962864
1,0.804
1,0.662
0,0.094
1,0.922
0,0.094
0,0.072
1,0.834
0,0.07
0,0.144
1,0.752
0,0.16
1,0.944
0,0.056
0,0.056
0,0.082
1,0.82
0,0.094
1,0.718
0,0.146
0,0.072
0,0.0408140892318014
0,0.064
0,0.084
0,0.074
0,0.072
0,0.062
0,0.076
0,0.08
0,0.066
0,0.192
0,0.164
1,0.986
0,0.076
0,0.072
1,0.792
0,0.07
1,0.832
0,0.118
0,0.126
0,0.068
0,0.164
0,0.002
0,0.002
0,0.002
0,0.066
1,0.882
0,0.076
0,0.138
1,0.82
1,0.77
1,0.718
0,0.138
0,0.064
0,0.064
0,0.074
0,0.026171795260738668
0,0.002
0,0.002
0,0.002
1,0.956
1,0.762
0,0.044
0,0.104
0,0.068
1,0.7
1,0.776
0,0.084
0,0.036
0,0.024
0,0.026
1,0.788
0,0.046
0,0.046
0,0.06
0,0.102
0,0.088
1,0.832
1,0.822
1,0.978
0,0.094
0,0.108
0,0.1
0,0.042
0,0.042
0,0.078
1,0.834
1,0.908
0,0.04
0,0.04
0,0.156
1,0.8445034395292161
1,0.788
0,0.142
0,0.058
1,0.806
1,0.84
0,0.078
0,0.054
0,0.13367471775195294
0,0.088
0,0.1
0,0.226
0,0.11
1,0.804
0,0.15334627759902364
1,0.778
0,0.12
1,0.73
0,0.118
1,0.816
0,0.176
0,0.046
0,0.03
0,0.052
0,0.086
0,0.068
0,0.038
1,0.794
0,0.096
0,0.106
0,0.038
1,0.858
1,0.832
0,0.13
1,0.956
1,0.762
0,0.062
0,0.102
0,0.174
0,0.018
0,0.01751089528078695
0,0.01751089528078695
0,0.042
0,0.018
0,0.006
1,0.738
1,0.976
1,0.982
1,0.988
1,0.98
1,0.972
1,0.814
0,0.084
0,0.036
0,0.038
1,0.806
0,0.16
0,0.126
1,0.844
0,0.108
0,0.078
0,0.056
0,0.168
0,0.122
1,0.854
1,0.9233462775990237
0,0.152
0,0.116
0,0.12534627759902364
0,0.1
0,0.1
0,0.158
0,0.062
0,0.098
0,0.08
1,0.998
1,0.912
1,0.716
1,0.914
1,0.834
1,0.844
0,0.146
1,0.778
1,0.816
1,0.83
0,0.024
0,0.03
0,0.07
1,0.878
1,0.996
1,0.99
1,0.992
0,0.03
0,0.068
1,0.824
0,0.19
0,0.056
1,0.848
0,0.098
0,0.106
1,0.746
1,0.908
1,0.918
1,0.924
1,0.788
1,0.826
0,0.12
0,0.068
0,0.04
0,0.08
0,0.05
0,0.028
0,0.134
0,0.148
0,0.1457213789189956
0,0.156
0,0.025346277599023633
1,0.772
1,0.839014633330546
1,0.81
0,0.058
0,0.084
0,0.142
0,0.11
1,0.812
0,0.164
1,0.832
1,0.812
1,0.888
1,0.902
0,0.116
1,0.86
0,0.126
0,0.01
1,0.47759076670398004
0,0.47759076670398004
0,0.01
0,0.138
0,0.15
0,0.026
0,0.076
1,0.856
0,0.274
0,0.122
0,0.118
1,0.91
1,0.92
1,0.89
1,0.916
1,0.964
1,0.996
1,0.984
1,0.984
1,0.994
1,0.994
1,0.988
1,0.988
0,0.214
0,0.08734627759902364
0,0.124
0,0.018
0,0.15
0,0.136
0,0.1
0,0.096
0,0.134
0,0.062
0,0.122
0,0.09
0,0.058
0,0.084
0,0.122
0,0.138
0,0.042
0,0.082
0,0.252
0,0.15
0,0.074
1,0.778
1,0.8023609109295696
1,0.72
0,0.026
0,0.024
0,0.022
0,0.032
1,0.866
1,0.916
1,0.976
1,0.922
0,0.248
1,0.824
0,0.094
1,0.976
1,0.984
1,0.962
1,0.954
1,0.982
1,0.908
1,0.97
1,0.898
0,0.254
1,0.852
1,0.942
0,0.18
0,0.302
1,0.908
0,0.184
1,0.97
1,0.904
1,0.964
1,0.848
1,0.8875487708370562
1,0.87
1,0.928
1,0.866
1,0.9755487708370562
1,0.9755487708370562
1,0.874
1,0.962
1,0.984
0,0.108
0,0.108
1,0.922
1,0.884
1,0.924
1,0.924
0,0.01
0,0.004
0,0.166
0,0.156
1,0.894
0,0.106
0,0.078
0,0.018
0,0.028
0,0.032
0,0.012
0,0.072
0,0.04
1,0.89
1,0.704
1,0.944
0,0.056
0,0.08182296205041917
0,0.06782296205041917
0,0.076
0,0.062
0,0.052
0,0.06182296205041916
0,0.064
1,0.91
1,0.918
1,0.888
1,0.9
0,0.106
1,0.742
0,0.174
0,0.114
0,0.114
0,0.066
0,0.164
0,0.11760928381962864
1,0.88
1,0.852
1,0.774
0,0.086
1,0.824
1,0.754
0,0.068
0,0.044
0,0.182
0,0.138
0,0.154
0,0.07
0,0.042
0,0.13
0,0.06
0,0.124
1,0.998
1,0.992
1,0.992
0,0.016
0,0.032
0,0.068
0,0.076
0,0.12
0,0.058
0,0.212
1,0.818
0,0.10901463333054603
0,0.016
1,0.684
1,0.814
1,0.824
1,0.99
1,0.976
1,0.992
1,0.756
0,0.09
1,0.882
0,0.124
0,0.314
0,0.118
0,0.084
0,0.114
0,0.016
1,0.836
0,0.048
0,0.03
0,0.03
0,0.06
0,0.09134627759902364
0,0.044
0,0.064
1,0.76
1,0.764
1,0.84
1,0.7973462775990237
0,0.174
0,0.04
0,0.04
0,0.01
0,0.01
0,0.01
0,0.08901463333054603
0,0.132
0,0.1
0,0.178
1,0.842
1,0.818
0,0.138
1,0.8
1,0.852
1,0.918
1,0.912
0,0.126
1,0.9
0,0.092
1,0.9
0,0.06
1,0.87
1,0.824
0,0.032
1,0.88
0,0.044
0,0.074
1,0.778
0,0.194
0,0.034
0,0.038
0,0.06
0,0.082
0,0.068
1,0.9653462775990237
1,0.982
1,0.99
1,0.936
1,0.98
1,0.99
1,0.988
1,0.984
1,0.968
1,0.972
0,0.143014633330546
0,0.056
0,0.076
1,0.804
0,0.012
1,0.752
1,0.996
1,0.998
1,0.996
1,0.996
1,0.996
1,0.996
1,0.992
1,0.998
1,0.996
1,0.996
1,1.0
1,0.996
1,0.938
1,0.971014633330546
1,0.998
1,0.998
0,0.008
0,0.01
0,0.07960928381962865
1,0.824
1,0.878
0,0.062
0,0.01
0,0.024
0,0.068
0,0.06
0,0.166
0,0.5408772155818108
1,0.910301839017676
1,0.5408772155818108
1,0.910301839017676
0,0.08864713508684618
0,0.042315490818368585
0,0.15
0,0.01
0,0.03
0,0.01
0,0.03
1,0.83
0,0.061609283819628644
0,0.102
0,0.102
0,0.124
0,0.106
1,0.808
1,0.772
0,0.17
1,0.828
0,0.074
1,0.826
1,0.806
0,0.012
1,0.717014633330546
1,0.956
0,0.014
0,0.012
0,0.21
0,0.064
0,0.03
0,0.03
0,0.03
0,0.034
0,0.086
0,0.112
0,0.064
0,0.024
1,0.748
1,0.822
0,0.14160928381962865
0,0.124
1,0.762
0,0.166
0,0.09
0,0.098
0,0.09
0,0.016
0,0.058
0,0.042
0,0.03
0,0.144
0,0.132
0,0.038
0,0.016
0,0.094
1,0.876
0,0.052
0,0.15
1,0.84
0,0.0
0,0.044
0,0.05
0,0.008
0,0.008
0,0.026
0,0.0
0,0.016
0,0.04
0,0.033609283819628646
0,0.016
0,0.0
0,0.108
1,0.728
0,0.074
1,0.806
1,0.778
0,0.084
0,0.094
0,0.184
0,0.192
1,0.924
0,0.15
0,0.108
0,0.118
1,0.794
0,0.07
0,0.1
0,0.078
0,0.154
0,0.062
0,0.122
0,0.132
0,0.086
0,0.14
0,0.122
0,0.072
0,0.104
1,0.872
1,0.968
0,0.108
1,0.7771567356424514
0,0.7771567356424514
1,0.9800524845977637
1,0.7771567356424514
1,0.8991696849989661
1,0.7565813953667652
1,0.9800524845977637
1,0.9800524845977637
0,0.082
0,0.06
0,0.132
0,0.028
0,0.114
0,0.08
0,0.046
0,0.046
0,0.096
1,0.5814737932581923
0,0.5814737932581923
0,0.17281408923180142
0,0.214
1,0.824
1,0.778
0,0.042
0,0.02
0,0.042
1,0.768
0,0.02
0,0.156
0,0.102
1,0.71
1,0.94
0,0.102
1,0.806
1,0.798
0,0.07
1,0.77
0,0.16301463333054603
1,0.792
0,0.058
1,0.81
1,0.876
1,0.792
0,0.066
0,0.2
1,0.748
0,0.014
0,0.038
0,0.034
1,0.786
1,0.806
1,0.798
0,0.062
0,0.076
0,0.068
0,0.092
1,0.7630146333305461
1,0.968
1,0.818
0,0.01
0,0.002
0,0.004
0,0.004
0,0.034
0,0.002
0,0.0050146333305460325
1,0.634
0,0.03
0,0.042
0,0.008
0,0.028
0,0.008
0,0.01
0,0.03
0,0.014
0,0.011609283819628648
0,0.046
0,0.084
0,0.01
0,0.039014633330546035
0,0.01
0,0.018
0,0.008
0,0.002
0,0.004
0,0.016
0,0.078
0,0.112
0,0.016
0,0.016
1,0.81
1,0.836
0,0.12
0,0.08115716193019264
1,0.826
0,0.158
0,0.042
0,0.044
0,0.018
1,0.792
0,0.03
0,0.05
0,0.078
0,0.124
0,0.186
0,0.176
0,0.066
0,0.164
0,0.038
0,0.128
0,0.122
0,0.128
1,0.794
0,0.132
1,0.848
0,0.072
1,0.938
0,0.04
1,0.774
0,0.10172137891899562
0,0.218
0,0.254
0,0.12
0,0.07
0,0.042
1,0.788
0,0.06
0,0.004
0,0.004
0,0.096
0,0.004
1,0.814
1,0.924
0,0.032
0,0.026
1,0.818
0,0.152
1,0.898
1,0.754
1,0.742
0,0.084
0,0.082
0,0.044
0,0.26
0,0.272
1,0.792
1,0.93
1,0.93
0,0.062
1,0.924
1,0.968
1,0.964
1,0.942
1,0.912
1,0.944
1,0.966
0,0.144
0,0.116
1,0.84
1,0.842
0,0.062
1,0.728
1,0.844
0,0.07
0,0.146
0,0.084
0,0.244
1,0.85
1,0.798
1,0.96
1,0.81
